loopIteration,time,axisP[0],axisP[1],axisP[2],axisI[0],axisI[1],axisI[2],axisD[0],axisD[1],axisF[0],axisF[1],axisF[2],rcCommand[0],rcCommand[1],rcCommand[2],rcCommand[3],setpoint[0],setpoint[1],setpoint[2],setpoint[3],vbatLatest,amperageLatest,baroAlt,rssi,gyroADC[0],gyroADC[1],gyroADC[2],gyroUnfilt[0],gyroUnfilt[1],gyroUnfilt[2],accSmooth[0],accSmooth[1],accSmooth[2],motor[0],motor[1],motor[2],motor[3],eRPM[0],eRPM[1],eRPM[2],eRPM[3],flightModeFlags,stateFlags,failsafePhase,rxSignalReceived,rxFlightChannelsValid,GPS_numSat,GPS_coord[0],GPS_coord[1],GPS_altitude,GPS_speed,GPS_ground_course
0,9437415,1,24,-2,0,0,0,0,1,0,0,0,1,0,-3,1000,1,17,0,0,1151,70,-334,638,0,0,1,0,-1,0,123,2,2029,261,148,260,164,350,197,352,212,,,,,,,,,,,
1,9439384,2,24,-2,0,0,0,2,2,0,0,0,1,0,-3,1000,1,17,0,0,1152,152,-334,638,-1,0,2,-5,-1,-3,126,5,2029,273,155,260,164,349,196,392,211,3,0,0,1,1,,,,,,
2,9441353,0,24,0,0,0,0,-2,0,0,0,0,1,0,-3,1000,1,17,0,0,1156,151,-334,638,-2,1,2,2,9,-21,124,-11,2038,246,131,262,164,351,197,432,211,3,0,0,1,1,,,,,,
3,9443323,0,23,-2,0,0,0,-1,0,0,0,0,1,0,-3,1000,1,17,0,0,1156,151,-333,640,-1,1,3,-25,15,-13,118,-13,2020,259,143,260,165,351,237,431,211,3,0,0,1,1,,,,,,
4,9445293,1,23,-2,0,0,0,0,0,0,0,0,1,0,-3,1000,1,17,0,0,1155,152,-333,640,-2,1,1,-13,21,-6,122,0,2029,268,145,260,165,347,235,471,212,3,0,0,1,1,,,,,,
5,9447262,0,24,-1,0,0,0,0,-1,0,0,0,1,0,-3,1000,1,17,0,0,1155,152,-333,640,-1,2,5,-6,16,-5,116,-6,2019,254,145,259,165,347,275,472,213,3,0,0,1,1,,,,,,
6,9449230,0,24,-2,0,0,0,1,-2,0,0,0,1,0,-3,1000,1,17,0,0,1156,141,-333,640,-1,1,3,-14,1,-2,116,-4,2024,265,154,261,165,348,275,512,213,3,0,0,1,1,,,,,,
7,9451198,0,24,-1,0,0,0,0,-3,0,0,0,1,0,-3,1000,1,17,0,0,1156,141,-333,639,-1,1,7,5,1,1,104,-5,2006,246,150,260,164,347,315,513,212,3,0,0,1,1,,,,,,
8,9453165,0,25,-2,0,0,0,2,-1,0,0,0,1,0,-3,1000,1,17,0,0,1156,142,-333,640,-2,2,6,-22,7,2,116,-8,2014,255,151,261,164,348,278,545,-4734243,3,0,0,1,1,,,,,,
9,9457100,2,25,-1,0,0,0,5,0,0,0,0,1,0,-3,1000,1,17,0,0,1156,141,-333,639,-1,0,4,-4,6,6,115,-6,2032,266,150,260,162,346,318,545,-4734244,3,0,0,1,1,,,,,,
10,9461036,2,24,-1,0,0,0,3,-2,0,0,0,1,0,-3,1000,1,17,0,0,1156,142,-333,638,-1,2,9,14,-8,0,102,-7,1997,235,151,260,163,347,358,544,-4734245,3,0,0,1,1,,,,,,
11,9464972,3,24,-2,0,0,0,4,-2,0,0,0,1,0,-3,1000,1,17,0,0,1157,159,-333,638,0,0,6,1,-19,3,110,-4,2014,255,163,260,162,348,359,584,-4734244,3,0,0,1,1,,,,,,
12,9468907,2,24,-1,0,0,0,2,-1,0,0,0,1,0,-3,1000,1,17,0,0,1157,159,-332,637,1,1,9,15,-21,3,101,-5,1995,232,155,260,161,348,399,584,-4734245,3,0,0,1,1,,,,,,
13,9472843,2,24,-2,0,0,0,2,0,0,0,0,1,0,-3,1000,1,17,0,0,1157,159,-332,638,0,1,9,-2,-13,-7,111,-2,2002,241,158,260,160,348,439,583,-4734244,3,0,0,1,1,,,,,,
14,9476779,2,25,-2,0,0,0,2,3,0,0,0,1,0,-3,1000,1,17,0,0,1154,157,-341,638,-1,1,8,6,-21,4,110,2,2021,234,182,269,161,348,439,582,-4734204,3,0,0,1,1,,,,,,
15,9480714,2,25,0,0,0,0,2,1,0,0,0,1,0,-3,1000,1,17,0,0,1154,157,-341,636,0,1,12,30,-20,-2,89,0,1995,226,174,264,164,349,479,582,-4734205,3,0,0,1,1,,,,,,
16,9484650,3,25,-1,0,0,0,5,1,0,0,0,1,0,-3,1000,1,17,0,0,1155,134,-341,636,1,1,10,17,-40,5,98,-1,2005,233,189,267,162,351,479,545,-4734141,3,0,0,1,1,,,,,,
17,9490554,2,25,0,0,0,0,4,1,0,0,0,1,0,-3,1000,1,17,0,0,1159,133,-340,636,-1,1,11,25,-25,5,93,-2,2000,224,173,264,163,351,477,585,-4734140,3,0,0,1,1,,,,,,
18,9496457,3,26,0,0,0,0,5,2,0,0,0,1,0,-3,1000,1,17,0,0,1158,132,-340,636,0,1,10,24,-30,5,89,-1,2001,222,174,263,162,352,479,625,-4734140,3,0,0,1,1,,,,,,
19,9502361,3,27,0,0,0,0,6,5,0,0,0,1,0,-3,1000,1,17,0,0,1158,132,-341,637,0,1,4,13,-11,8,112,-1,2021,233,173,263,162,351,519,624,-4734139,3,0,0,1,1,,,,,,
20,9508267,3,27,1,0,0,0,6,3,0,0,0,1,0,-3,1000,1,17,0,0,1158,132,-341,636,0,1,11,42,-36,14,82,-1,2003,223,174,264,163,351,559,621,-4734139,3,0,0,1,1,,,,,,
21,9514174,2,26,0,0,0,0,7,4,0,0,0,1,0,-3,1000,1,17,0,0,1159,126,-341,637,1,1,8,26,-41,6,93,-8,2012,216,172,264,162,351,559,661,-4734138,3,0,0,1,1,,,,,,
22,9520080,2,27,0,0,0,0,6,6,0,0,0,1,0,-3,1000,1,17,0,0,1159,126,-341,637,0,0,7,25,-35,8,104,-4,2026,226,173,264,160,351,599,661,-4734138,3,0,0,1,1,,,,,,
23,9525987,1,27,0,0,0,0,5,6,0,0,0,1,0,-3,1000,1,17,0,0,1159,126,-341,637,0,0,11,27,-42,8,103,1,2011,211,172,264,161,351,639,660,-4734138,3,0,0,1,1,,,,,,
24,9531894,2,26,-1,0,0,0,8,4,0,0,0,1,0,-3,1000,1,17,0,0,1159,126,-341,638,1,-1,5,31,-26,11,98,-4,2029,238,173,263,159,351,602,756,31810,3,0,0,1,1,,,,,,
25,9539769,1,25,0,0,0,0,6,2,0,0,0,1,0,-3,1000,1,17,0,0,1159,127,-341,638,0,2,11,38,-44,11,88,-1,1997,208,173,263,161,350,642,756,31810,3,0,0,1,1,,,,,,
26,9547645,1,25,0,0,0,0,7,3,0,0,0,1,0,-3,1000,1,17,0,0,1159,127,-340,638,1,0,11,19,-30,7,88,-2,2009,223,173,263,161,350,682,755,31810,3,0,0,1,1,,,,,,
27,9555524,1,26,0,0,0,0,8,5,0,0,0,1,0,-3,1000,1,17,0,0,1159,127,-340,638,-1,0,7,24,-24,10,106,-1,2023,221,171,262,160,350,722,750,31809,3,0,0,1,1,,,,,,
28,9563405,1,26,0,0,0,0,8,4,0,0,0,1,0,-3,1000,1,17,0,0,1159,127,-341,637,1,0,14,50,-31,12,102,4,2009,213,173,261,160,349,762,750,31809,3,0,0,1,1,,,,,,
29,9571287,2,25,0,0,0,0,10,3,0,0,0,1,0,-3,1000,1,17,0,0,1159,127,-341,638,-1,0,6,23,-22,15,90,-1,2013,232,173,261,160,348,802,749,31809,3,0,0,1,1,,,,,,
30,9579169,2,25,1,0,0,0,9,2,0,0,0,1,0,-3,1000,1,17,0,0,1159,127,-341,638,0,0,11,35,-38,9,89,1,2004,216,172,260,160,348,842,750,31808,3,0,0,1,1,,,,,,
31,9587050,3,25,2,0,0,0,8,2,0,0,0,1,0,-3,1000,1,17,0,0,1159,127,-340,637,0,0,11,19,-35,12,82,0,1999,218,171,260,160,349,882,750,31808,3,0,0,1,1,,,,,,
32,9594932,3,25,1,0,0,0,9,3,0,0,0,1,0,-3,1000,1,17,0,0,1158,126,-340,637,1,0,10,22,-42,17,85,18,2001,238,181,258,159,347,881,713,31936,3,0,0,1,1,,,,,,
33,9604782,2,25,1,0,0,0,8,3,0,0,0,1,0,-3,1000,1,17,0,0,1157,127,-340,637,0,0,11,23,-31,4,80,6,2000,216,167,261,159,348,881,753,31937,3,0,0,1,1,,,,,,
34,9614631,3,25,1,0,0,0,10,3,0,0,0,1,0,-3,1000,1,17,0,0,1157,127,-340,638,0,1,9,13,-35,8,76,12,2005,240,175,259,159,348,921,753,31937,3,0,0,1,1,,,,,,
35,9624481,4,25,2,0,0,0,10,3,0,0,0,1,0,-3,1000,1,17,0,0,1157,126,-340,637,0,0,7,20,-41,17,73,9,2007,232,171,260,160,348,961,752,31936,3,0,0,1,1,,,,,,
36,9634331,4,24,2,0,0,0,8,1,0,0,0,1,0,-3,1000,1,17,0,0,1156,125,-340,638,0,0,8,21,-31,5,76,5,2012,215,159,256,159,350,963,792,31937,3,0,0,1,1,,,,,,
37,9644180,5,24,1,0,0,0,11,1,0,0,0,1,0,-3,1000,1,17,0,0,1156,125,-340,639,0,0,2,7,-12,2,84,0,2023,233,165,258,159,350,1003,792,31937,3,0,0,1,1,,,,,,
38,9654030,5,25,1,0,0,0,10,0,0,0,0,1,0,-3,1000,1,17,0,0,1156,125,-340,639,0,-1,7,39,-22,6,76,2,2014,222,163,258,159,349,1043,791,31936,3,0,0,1,1,,,,,,
39,9663881,5,25,1,0,0,0,12,-1,0,0,0,1,0,-3,1000,1,17,0,0,1160,124,-340,639,0,-1,4,25,-24,8,84,-4,2017,227,166,259,158,350,1043,831,31935,3,0,0,1,1,,,,,,
40,9673732,5,25,1,0,0,0,12,-1,0,0,0,1,0,-3,1000,1,17,0,0,1160,124,-340,638,0,-2,1,24,-32,10,78,-1,2019,229,163,258,157,350,1006,991,4829376,3,0,0,1,1,,,,,,
41,9685552,5,25,1,0,0,0,10,-1,0,0,0,1,0,-3,1000,1,17,0,0,1160,124,-340,639,1,-1,6,23,-32,4,82,0,2013,224,164,257,158,350,1046,990,4829375,3,0,0,1,1,,,,,,
42,9697373,4,25,0,0,0,0,11,1,0,0,0,1,0,-3,1000,1,17,0,0,1160,125,-340,640,0,0,0,12,-12,2,88,-6,2018,226,162,257,158,350,1086,989,4829375,3,0,0,1,1,,,,,,
43,9709194,5,25,1,0,0,0,14,-1,0,0,0,1,0,-3,1000,1,17,0,0,1160,124,-341,639,0,-1,3,40,-22,7,84,-3,2030,239,163,258,157,349,1126,990,4829376,3,0,0,1,1,,,,,,
44,9721014,5,25,2,0,0,0,14,-3,0,0,0,1,0,-3,1000,1,17,0,0,1160,123,-341,638,0,0,5,28,-38,5,69,-4,2014,229,163,256,158,349,1166,990,4829377,3,0,0,1,1,,,,,,
45,9732835,4,25,1,0,0,0,13,-2,0,0,0,1,0,-3,1000,1,17,0,0,1160,123,-341,639,1,0,-2,15,-27,1,81,-3,2021,231,162,257,157,351,1206,989,4829377,3,0,0,1,1,,,,,,
46,9744656,3,25,1,0,0,0,10,-3,0,0,0,1,1,-3,1000,1,17,0,0,1159,124,-341,639,0,0,1,26,-18,6,80,5,2024,222,154,253,157,350,1206,1029,4829378,3,0,0,1,1,,,,,,
47,9756476,3,25,1,0,0,0,12,-3,0,0,0,1,1,-3,1000,1,17,0,0,1159,124,-341,640,-1,0,-1,16,-4,3,82,-3,2026,234,159,255,157,349,1246,1029,4829379,3,0,0,1,1,,,,,,
48,9768297,3,25,2,0,0,0,12,-3,0,0,0,1,1,-3,1000,1,17,0,0,1159,124,-341,639,-2,0,-3,30,-22,3,78,1,2035,236,158,255,158,348,1209,1221,9642567,3,0,0,1,1,,,,,,
49,9782087,2,24,2,0,0,0,10,-4,0,0,0,1,1,-3,1000,1,17,0,0,1159,124,-341,638,0,2,0,14,-27,8,78,6,2023,230,159,254,157,349,1249,1220,9642568,3,0,0,1,1,,,,,,
50,9795877,2,24,1,0,0,0,12,-3,0,0,0,1,1,-3,1000,1,17,0,0,1158,126,-341,638,1,2,-2,19,-48,20,78,15,2026,251,172,253,157,347,1249,1260,9642568,3,0,0,1,1,,,,,,
51,9809668,2,24,1,0,0,0,11,-3,0,0,0,1,1,-3,1000,1,17,0,0,1157,125,-341,638,0,2,-1,19,-21,19,77,13,2024,234,160,252,157,347,1247,1300,9642567,3,0,0,1,1,,,,,,
52,9823459,2,24,1,0,0,0,13,-1,0,0,0,1,1,-3,1000,1,17,0,0,1157,126,-341,639,0,2,0,15,-30,17,80,13,2029,244,168,252,157,347,1287,1301,9642568,3,0,0,1,1,,,,,,
53,9837249,3,24,1,0,0,0,13,-2,0,0,0,1,1,-3,1000,1,17,0,0,1157,125,-341,638,-1,2,-4,13,-34,20,75,13,2037,249,164,252,157,346,1327,1301,9642567,3,0,0,1,1,,,,,,
54,9851040,2,24,1,0,0,0,10,-2,0,0,0,1,1,-3,1000,1,17,0,0,1157,125,-341,637,1,3,3,29,-50,10,78,26,2018,230,166,252,159,348,1367,1300,9642567,3,0,0,1,1,,,,,,
55,9864831,2,24,0,0,0,0,12,-1,0,0,0,1,1,-3,1000,1,17,0,0,1157,125,-341,638,0,2,-2,0,-23,15,73,5,2026,240,164,252,158,349,1407,1301,9642567,3,0,0,1,1,,,,,,
56,9878621,2,24,0,0,0,0,12,0,0,0,0,1,1,-2,1000,1,17,0,0,1156,123,-341,638,0,2,0,15,-17,18,68,22,2022,245,168,252,159,349,1406,1264,9642791,3,0,0,1,1,,,,,,
57,9894380,2,24,1,0,1,0,12,0,0,0,0,1,1,-2,1000,1,17,1,0,1157,23,-341,638,0,2,0,7,-24,13,76,14,2024,250,167,253,158,351,1406,1304,9642790,3,0,0,1,1,,,,,,
58,9910140,2,25,1,0,1,0,11,0,0,0,0,1,1,6,1000,1,17,1,1,1157,23,-341,638,0,1,-6,6,-31,16,77,18,2031,246,169,252,160,351,1446,1303,9642790,3,0,0,1,1,,,,,,
59,9925900,2,26,2,0,2,0,8,-1,0,0,0,1,1,6,1001,1,17,1,3,1156,22,-341,638,-1,1,-3,10,-23,5,85,26,2041,252,161,253,158,354,1446,1343,9642791,3,0,0,1,1,,,,,,
60,9941669,34,42,2,0,2,0,8,0,0,0,4,23,1,6,1001,1,17,1,3,1163,11,-343,637,0,3,-4,48,-28,10,82,20,2038,250,166,252,159,354,1478,1359,9642823,3,0,0,1,1,,,,,,
61,9957438,35,43,1,0,3,0,11,3,0,0,4,23,1,6,1004,1,17,2,6,1163,10,-343,639,0,1,-9,41,-15,9,102,14,2069,268,164,253,160,353,1518,1359,9642823,3,0,0,1,1,,,,,,
62,9973208,34,43,2,0,4,0,9,2,0,0,4,23,1,6,1007,1,17,2,9,1162,11,-343,639,-2,2,-6,47,-13,-6,90,17,2061,257,154,254,159,355,1517,1399,9642822,3,0,0,1,1,,,,,,
63,9988978,33,42,2,0,5,0,9,1,0,0,4,23,1,6,1010,1,17,2,13,1161,10,-343,639,-1,0,-7,43,-34,-6,95,11,2071,262,159,257,158,359,1517,1439,9642823,3,0,0,1,1,,,,,,
64,10004747,33,42,1,0,6,0,8,1,0,0,4,23,1,6,1014,1,17,2,16,1161,10,-343,639,-1,1,-6,48,-19,-9,104,14,2076,259,158,255,163,359,1557,1440,9642823,3,0,0,1,1,,,,,,
512,9689363,1,25,3,1,14,2,-1,-2,0,0,0,1,1,20,1035,1,17,2,42,1150,182,-370,632,0,1,0,1,0,4,135,-7,2030,296,164,316,148,376,201,397,202,3,0,0,1,1,,,,,,
513,9691331,1,26,3,1,15,2,1,1,0,0,0,1,1,20,1038,1,17,2,45,1149,183,-370,631,0,0,0,-4,-11,25,137,2,2022,315,164,319,149,380,201,437,203,3,0,0,1,1,,,,,,
514,9693298,2,27,2,1,16,2,1,2,0,0,0,1,1,20,1041,1,17,2,47,1149,183,-370,632,0,0,1,14,-14,25,143,-6,2036,308,168,319,152,379,241,437,202,3,0,0,1,1,,,,,,
515,9695266,2,27,3,1,17,2,2,1,0,0,0,1,1,20,1044,1,17,2,49,1150,312,-370,632,-2,-1,1,7,-27,27,142,-1,2032,319,164,324,150,384,240,477,201,3,0,0,1,1,,,,,,
516,9697234,0,26,3,1,19,2,-1,1,0,0,0,1,1,20,1047,1,17,2,52,1150,312,-369,633,-1,1,0,11,-34,28,155,16,2033,312,170,320,160,383,280,478,202,3,0,0,1,1,,,,,,
517,9699201,-1,26,1,1,20,2,-1,1,0,0,0,1,1,20,1050,1,17,2,55,1150,312,-369,634,-1,-1,3,-3,-18,27,165,-1,2044,320,171,323,163,383,320,478,203,3,0,0,1,1,,,,,,
518,9701177,31,42,5,1,20,3,-1,0,-2,0,1,9239,10,20,1050,4,19,2,55,1155,318,-367,641,-1,40,2,4,-25,27,192,23,2038,318,170,321,161,415,336,510,219,3,0,0,1,1,,,,,,
519,9703152,30,41,4,2,21,3,-2,-3,-2,0,1,9239,10,20,1052,4,19,2,57,1155,318,-366,643,-2,18,5,-2,-33,20,188,20,2039,323,173,324,172,415,376,510,220,3,0,0,1,1,,,,,,
520,9705128,30,41,7,2,22,4,-3,-4,-2,0,1,9239,10,20,1054,4,19,2,59,1155,318,-366,640,0,30,-2,10,-29,30,195,26,2054,313,178,323,171,414,416,509,220,3,0,0,1,1,,,,,,
576,9720856,2,28,4,2,33,4,0,1,0,0,0,1,1,21,1073,1,17,2,78,1147,405,-370,631,0,0,1,1,0,2,123,-21,2053,387,170,432,150,459,213,498,202,3,0,0,1,1,,,,,,
577,9722825,2,27,2,2,34,4,0,0,0,0,0,1,1,21,1074,1,17,2,80,1146,406,-370,632,0,0,2,0,-11,20,123,-21,2052,386,181,440,152,466,214,538,201,3,0,0,1,1,,,,,,
578,9724794,1,27,2,2,35,5,0,1,0,0,0,1,1,21,1075,1,17,2,81,1145,405,-370,632,1,0,1,1,1,12,130,-11,2053,394,170,443,153,474,214,578,204,3,0,0,1,1,,,,,,
579,9726772,33,43,2,2,35,5,-1,3,-1,0,3,1,-32702,21,1075,5636,1555,2,81,1152,405,-330,627,2,0,2,2,-3,14,126,-16,2052,422,191,473,160,474,214,579,203,3,0,0,1,1,,,,,,
580,9728752,32,43,3,2,37,5,-3,5,-1,0,3,1,-32702,21,1076,5636,1555,2,83,1151,404,-330,628,-1,0,1,0,9,0,117,-5,2060,420,172,465,158,485,215,619,204,3,0,0,1,1,,,,,,
581,9730731,30,43,3,2,38,5,-5,5,-1,0,3,1,-32702,27,1078,5636,1555,2,85,1151,404,-330,627,0,1,-1,-2,5,8,131,-1,2058,418,187,469,170,486,255,619,204,3,0,0,1,1,,,,,,
582,9732711,30,43,1,3,40,5,-4,6,-1,0,3,1,-32702,27,1080,5636,1555,3,87,1151,404,-330,628,0,0,2,-15,14,10,133,-6,2067,424,182,468,173,486,295,618,206,3,0,0,1,1,,,,,,
583,9734691,30,42,2,3,41,5,-5,4,-1,0,3,1,-32702,27,1082,5636,1555,3,89,1151,403,-330,627,0,0,-2,12,-2,1,133,-5,2075,429,190,470,184,486,335,619,205,3,0,0,1,1,,,,,,
584,9736670,31,41,3,3,43,5,-4,1,-1,0,3,1,-32702,27,1083,5636,1555,3,91,1151,402,-329,626,-1,1,-2,-15,0,-6,126,8,2074,433,194,469,193,487,375,620,204,3,0,0,1,1,,,,,,
585,9738640,63,49,3,3,43,5,-3,-1,-1,2,0,2,-32709,27,1083,8732,4646,3,91,1152,404,-328,589,320,4876175,-1,25,5,1,182,8,2071,432,192,469,188,488,376,649,-346,3,0,0,1,1,,,,,,
586,9742578,63,49,3,3,44,5,-1,-1,-1,2,0,2,-32709,27,1085,8732,4646,3,93,1152,404,-328,589,160,2438089,-3,-9,17,-4,157,4,2077,433,197,471,197,489,416,649,-345,3,0,0,1,1,,,,,,
587,9746475,95,65,2,3,45,6,-1,0,0,3,1,3,-32709,27,1085,8732,4647,-1,93,1152,399,-318,601,247,3657135,2,8,51,0,168,7,2073,429,192,472,192,489,416,681,-329,3,0,0,1,1,,,,,,
588,9750371,95,66,1,3,47,6,1,0,0,3,1,3,-32709,27,1088,8732,4647,0,95,1152,399,-319,601,203,3047613,-5,8,38,1,174,-1,2090,434,197,473,200,488,456,682,-329,3,0,0,1,1,,,,,,
589,9754266,96,65,2,3,48,6,2,-1,0,3,1,3,-32709,27,1091,8732,4647,0,98,1152,399,-318,600,223,3352375,2,4,37,9,167,23,2086,443,207,473,207,488,496,682,-330,3,0,0,1,1,,,,,,
590,9758163,96,65,2,4,49,6,2,1,0,3,1,3,-32709,27,1094,8732,4647,0,101,1152,399,-318,600,214,3199993,2,-6,47,0,181,19,2107,435,207,476,207,490,536,679,-330,3,0,0,1,1,,,,,,
591,9762061,95,66,1,4,50,7,1,1,0,3,1,3,-32709,27,1098,8732,4647,0,104,1151,396,-317,599,219,3276187,2,-4,51,-13,175,43,2100,451,209,481,212,486,538,719,-329,3,0,0,1,1,,,,,,
592,9765958,95,65,1,4,51,7,0,-4,0,3,1,3,-32709,32,1102,8732,4647,0,108,1151,396,-317,599,215,3238093,-1,17,35,7,181,38,2114,465,217,483,218,488,578,719,-330,3,0,0,1,1,,,,,,
593,9769856,96,63,3,4,52,8,-1,-9,0,3,1,3,-32709,32,1106,8732,4647,1,113,1152,813,-317,600,216,3257138,1,9,25,19,178,37,2136,464,228,492,220,499,581,759,-330,3,0,0,1,1,,,,,,
704,9783843,1,24,9,4,70,12,-2,0,0,0,0,1,0,40,1146,1,17,5,156,1139,805,-370,631,1,2,0,1,2,4,89,-8,2023,560,275,645,201,667,279,765,229,3,0,0,1,1,,,,,,
705,9785812,0,22,8,4,72,12,-2,-2,0,0,0,1,0,40,1151,1,17,5,160,1139,805,-369,632,2,3,-3,29,44,11,96,3,2025,575,287,651,215,672,319,764,229,3,0,0,1,1,,,,,,
706,9787780,-1,22,7,4,73,12,-3,-4,1,12,-42,1,3,40,1151,4,17,-1,160,1137,812,-361,630,4,42,-1,17,22,6,94,4,2019,567,281,648,242,661,351,804,229,3,0,0,1,1,,,,,,
707,9789749,0,22,9,4,74,13,-5,-6,1,12,-42,1,3,40,1155,4,17,-1,164,1134,810,-370,630,4,21,2,21,28,5,13,4,2019,590,301,672,241,669,353,809,269,3,0,0,1,1,,,,,,
708,9791718,-1,23,8,4,75,14,-3,-4,-29,42,-34,61,3,40,1155,4,17,0,164,1145,815,-357,634,44,31,-4,17,27,2,45,-1,2019,578,291,692,273,701,385,809,270,3,0,0,1,1,,,,,,
709,9793688,0,24,6,4,76,14,-2,6,-29,42,-34,61,3,40,1159,4,17,1,168,1144,814,-356,634,27,26,0,25,11,55,18,39,2017,603,279,692,264,710,393,849,269,3,0,0,1,1,,,,,,
710,9795658,2,28,6,4,77,15,2,18,-29,42,-34,61,3,40,1162,4,17,1,171,1143,809,-356,631,34,28,-8,22,-9,-21,14,51,1977,640,272,703,275,725,399,889,270,3,0,0,1,1,,,,,,
711,9797570,34,44,6,4,77,14,4,15,-31,46,-43,120,59,44,1157,4,19,1,171,1190,816,-346,641,36,67,-5,24,4,21,13,43,2001,621,275,697,301,749,433,831,269,3,0,0,1,1,,,,,,
712,9799482,32,39,6,5,78,14,-2,6,-31,46,-43,120,59,44,1160,4,19,1,174,1189,819,-345,643,36,45,2,24,56,64,28,50,2035,614,276,700,293,760,440,871,270,33,27,1,-2,1,,,,,,
713,9801393,33,39,3,5,79,14,4,11,-31,46,-43,120,59,44,1164,4,19,2,178,1189,820,-345,646,34,60,-7,36,73,25,39,16,2029,612,294,706,314,767,480,872,273,33,27,1,-2,1,,,,,,
768,9815337,4,17,12,5,87,18,5,-5,0,0,0,1,0,47,1205,1,16,7,214,1133,1047,-379,630,-1,6,-3,-3,9,-5,117,59,2014,586,318,749,249,813,411,938,314,135,73,7,4,-5,,,,,,
769,9817305,0,17,13,5,88,19,-2,-6,0,0,0,1,1,47,1209,1,16,7,218,1132,1052,-377,630,2,12,-8,6,-1,-42,124,65,2024,560,276,756,252,830,417,978,315,135,73,7,4,-5,,,,,,
770,9819272,-3,16,10,5,89,19,-1,-5,0,0,0,1,1,47,1212,1,16,7,221,1132,1054,-376,631,-1,9,-5,-29,-22,-27,144,65,2014,569,295,755,253,829,457,978,318,135,73,7,4,-5,,,,,,
771,9821240,-5,14,12,5,90,19,-4,-9,0,0,0,1,1,47,1215,1,16,7,223,1132,1053,-374,629,-4,9,-4,-58,2,-55,140,107,2041,598,290,757,264,825,497,977,318,135,73,7,4,-5,,,,,,
772,9823208,-6,12,11,5,91,19,-4,-12,0,0,0,1,1,47,1217,1,16,7,225,1132,1054,-373,630,-4,3,-6,-67,10,-62,158,108,2030,595,302,759,265,827,537,977,316,135,73,7,4,-5,,,,,,
773,9825177,-1,9,11,5,91,20,5,-19,0,0,0,1,1,47,1219,1,16,7,226,1131,1050,-375,630,-4,15,-5,-61,-15,1,151,72,2006,615,306,761,276,827,540,1017,315,135,73,7,4,-5,,,,,,
774,9827146,-6,8,10,5,92,20,0,-19,0,0,0,1,1,39,1221,1,16,7,227,1130,1053,-372,632,-4,6,-2,-71,26,-50,188,116,2051,579,292,765,275,827,539,1057,316,135,73,7,4,-5,,,,,,
775,9829131,-1,15,21,5,92,19,40,-20,-3,-5,0,1,8,39,1221,1,16,7,227,1130,1053,-340,648,28,26,-1,-102,6,-21,168,90,2031,597,295,768,255,809,573,1049,346,135,73,7,4,-5,,,,,,
776,9831117,-3,19,20,5,92,19,35,-11,-3,-5,0,1,8,39,1222,1,16,6,228,1130,1055,-341,649,14,14,5,-93,78,-65,211,108,2033,549,296,771,272,813,613,1048,354,135,73,7,4,-5,,,,,,
832,9846830,0,10,9,4,97,26,1,-1,0,0,0,1,0,39,1240,1,15,6,245,1137,958,-415,630,1,9,0,0,6,0,48,-32,2027,640,359,789,233,888,479,1045,323,135,73,7,4,-5,,,,,,
833,9848799,-4,12,10,4,98,26,-2,0,0,0,0,1,0,39,1242,1,15,6,246,1137,960,-416,629,-2,12,3,50,-60,44,68,-18,2022,621,372,791,244,889,519,1044,325,135,73,7,4,-5,,,,,,
834,9850768,1,14,11,4,99,26,7,8,0,0,0,1,0,39,1244,1,15,6,247,1136,961,-419,627,-1,8,-3,28,-29,14,49,-33,1977,684,378,790,239,901,518,1084,327,135,73,7,4,-5,,,,,,
835,9852734,-3,16,8,3,100,26,2,15,0,0,0,1,0,39,1245,1,15,6,248,1136,965,-419,630,-6,10,5,33,-5,37,98,10,1976,631,375,790,241,899,558,1085,331,135,73,7,4,-5,,,,,,
836,9854515,-138,14,8,3,100,24,5,14,0,-9,-80,1,0,103,1245,1,67,6,248,1137,968,-420,670,-2,15,2,32,-28,34,79,-11,1976,657,408,798,272,915,558,1081,332,135,73,7,4,-5,,,,,,
837,9856295,-138,13,9,3,100,24,1,10,0,-9,-80,1,0,103,1246,1,67,6,249,1136,966,-422,670,-5,7,1,35,-89,6,89,-16,1976,651,392,794,256,915,560,1121,332,135,73,7,4,-5,,,,,,
838,9858076,-133,15,9,3,100,25,14,13,0,-9,-80,1,0,103,1247,1,67,6,249,1136,966,-423,671,-3,4,4,20,-20,37,92,-40,1998,649,403,798,272,918,600,1120,334,135,73,7,4,-5,,,,,,
839,9859858,-132,15,9,3,101,25,17,13,0,-9,-80,1,0,103,1248,1,67,6,250,1136,965,-422,672,-2,6,1,62,-28,5,74,-29,1992,672,400,801,280,916,640,1119,331,135,73,7,4,-5,,,,,,
840,9861640,-136,17,9,3,102,25,14,16,0,-9,-80,1,0,103,1249,1,67,6,251,1136,968,-423,670,-2,9,-3,123,-45,11,114,-15,1987,626,392,800,276,917,680,1119,334,135,73,7,4,-5,,,,,,
896,9878324,-1,10,7,3,104,32,-2,-5,0,0,0,1,0,39,1258,1,14,5,261,1137,676,-415,630,1,8,2,4,7,5,100,-84,2055,673,401,822,242,943,507,1103,322,135,73,7,4,-5,,,,,,
897,9880292,2,11,7,3,105,32,6,4,0,0,0,1,0,39,1259,1,14,5,261,1137,674,-416,629,1,7,-5,101,61,7,103,-125,2095,679,396,825,250,942,547,1103,321,135,73,7,4,-5,,,,,,
898,9882261,1,8,8,3,106,32,5,-3,0,0,0,1,0,39,1259,1,14,5,261,1137,675,-414,629,1,15,-3,67,28,-4,94,-64,2056,688,403,823,250,940,587,1102,321,135,73,7,4,-5,,,,,,
899,9884230,-3,7,8,3,106,33,0,-6,0,0,0,1,0,39,1259,1,14,5,261,1137,677,-414,629,4,7,-3,126,28,-24,120,-69,2060,667,408,827,267,940,627,1103,327,135,73,7,4,-5,,,,,,
900,9886221,0,9,-1,3,106,33,40,-7,-5,1,0,2,0,39,1259,1,14,5,261,1137,677,-380,316,-25,12,-3,97,27,-21,112,-178,2069,687,429,838,247,910,624,1107,344,135,73,7,4,-5,,,,,,
901,9888212,2,6,-1,3,107,33,47,-11,-5,1,0,2,0,39,1260,1,14,5,262,1137,678,-379,315,-10,14,-2,172,13,22,102,-109,2050,683,424,837,249,912,664,1108,347,135,73,7,4,-5,,,,,,
902,9890202,-5,4,0,3,107,34,29,-16,-5,1,0,2,0,39,1260,1,14,5,263,1136,679,-376,316,-17,14,-8,141,-43,-21,145,-105,2111,658,399,837,250,916,661,1148,347,135,73,7,4,-5,,,,,,
903,9892193,-9,8,1,3,107,34,20,-8,-5,1,0,2,0,39,1261,1,14,5,264,1135,677,-373,314,-13,9,-6,155,-10,61,118,-58,2078,680,361,843,249,912,661,1188,346,135,73,7,4,-5,,,,,,
904,9894184,-6,8,0,2,107,34,31,-10,-5,1,0,2,0,39,1261,1,14,5,264,1135,674,-372,315,-14,17,-8,262,-10,97,81,-90,2125,750,389,846,249,909,701,1191,349,135,73,7,4,-5,,,,,,
960,9909817,0,7,9,2,110,38,4,-6,0,0,0,1,0,40,1268,1,13,5,270,1136,929,-442,631,0,8,0,0,12,-2,55,-44,2163,700,453,893,293,977,560,1163,313,135,73,7,4,-5,,,,,,
961,9911785,0,6,7,2,111,38,1,-6,0,0,0,1,0,40,1269,1,13,5,270,1135,928,-441,632,2,13,-5,3,63,59,14,-44,2159,682,436,900,295,981,564,1203,314,135,73,7,4,-5,,,,,,
962,9913752,0,8,9,2,111,38,7,-3,0,0,0,1,0,40,1270,1,13,5,271,1135,927,-443,630,-1,17,-8,8,-84,25,26,-75,2180,675,457,898,294,984,604,1203,313,13,8,1,-2,0,,,,,,
963,9915710,-1,12,10,2,111,36,6,0,-1,-1,57,100,292,40,1275,1,13,5,271,1137,924,-440,670,1,17,-5,4,-13,44,21,-59,2169,678,478,907,328,799,563,1203,314,13,8,1,-2,0,,,,,,
964,9917669,-4,12,9,2,111,36,2,1,-1,-1,57,100,292,40,1276,1,13,5,273,1137,926,-441,671,2,22,-14,58,-64,47,41,-58,2173,666,474,902,311,799,603,1200,316,13,8,1,-2,0,,,,,,
965,9919685,-37,-109,10,2,111,36,4,2,1,-2,57,386,337,41,1325,3,17,5,273,1130,930,-444,671,41,20,-10,31,-39,44,32,-58,2171,672,476,936,327,831,619,1200,316,13,8,1,-2,0,,,,,,
966,9921701,-38,-108,12,2,111,36,3,7,1,-2,57,386,337,41,1326,3,17,5,274,1129,928,-443,670,19,21,-6,35,11,28,50,-40,2173,682,457,912,319,831,617,1240,317,13,8,1,-2,0,,,,,,
967,9923716,-39,-108,11,2,111,37,1,5,1,-2,57,386,337,41,1328,3,17,6,275,1129,928,-442,671,29,22,-1,84,-60,45,39,-38,2174,682,462,924,325,832,657,1240,315,13,8,1,-2,0,,,,,,
968,9925732,-38,-109,12,2,111,38,5,3,1,-2,57,386,337,41,1329,3,17,6,276,1129,929,-441,671,21,17,0,-3,27,59,39,-27,2172,692,459,928,319,833,697,1239,312,13,8,1,-2,0,,,,,,
969,9927748,-38,-109,13,2,111,39,6,6,1,-2,57,386,337,41,1330,3,16,6,277,1130,941,-440,672,25,21,4,32,101,65,91,-21,2182,689,451,933,322,829,698,1202,824,13,8,1,-2,0,,,,,,
970,9931732,-39,-111,12,2,110,40,4,1,1,-2,57,386,337,41,1331,3,16,6,278,1130,942,-438,674,31,24,0,75,-4,59,60,-4,2159,702,458,933,320,830,738,1202,827,13,8,1,-2,0,,,,,,
971,9935717,-41,-112,13,2,110,40,2,-1,1,-2,57,386,337,41,1331,3,16,6,279,1129,936,-438,675,27,18,-3,56,-96,135,65,-11,2176,701,454,939,325,832,739,1242,826,13,8,1,-2,0,,,,,,
972,9939693,-41,-108,14,2,111,40,2,-1,4,3,58,386,337,48,1331,5,16,6,279,1136,937,-457,675,36,21,1,105,-50,100,61,-7,2167,707,456,936,322,832,771,1250,858,13,8,1,-2,0,,,,,,
973,9943669,-42,-110,15,1,111,41,0,-8,4,3,58,386,337,48,1331,5,16,6,280,1135,935,-457,677,31,14,-4,87,-113,131,80,-29,2191,695,477,941,325,829,774,1290,859,13,8,1,-2,0,,,,,,
974,9947644,-41,-108,15,1,111,42,2,-4,4,3,58,386,337,48,1333,5,15,6,281,1134,942,-457,675,34,15,1,90,-115,187,50,-4,2161,723,461,941,327,824,776,1330,860,13,8,1,-2,0,,,,,,
975,9951594,-21,-104,18,2,109,42,4,36,3,3,61,386,337,48,1333,5,15,6,281,1146,942,-457,675,64,22,31,96,-114,160,66,-16,2181,716,466,1087,299,883,795,1330,869,13,8,1,-2,0,,,,,,
976,9955544,-21,-104,19,1,109,42,7,35,3,3,61,386,337,48,1334,5,15,6,282,1145,937,-458,674,49,15,15,90,-181,256,31,-2,2157,742,457,1014,319,890,797,1370,870,13,8,1,-2,0,,,,,,
977,9959493,-21,-100,18,1,109,43,8,47,3,3,61,386,337,48,1335,5,15,6,283,1145,937,-459,675,57,26,18,152,-179,223,68,-26,2189,717,465,1054,316,890,837,1370,871,13,8,1,-2,0,,,,,,
978,9963401,11,-92,17,1,109,41,7,46,3,1,60,381,338,48,1335,3,15,6,283,1144,907,-460,661,78,23,19,126,-180,243,89,-13,2173,724,461,1027,313,878,837,1370,871,13,8,1,-2,0,,,,,,
1088,9972804,-4,-7,10,-1,110,51,4,2,0,0,0,1,0,53,1300,0,9,8,303,1134,911,-433,632,2,14,2,5,20,-5,68,38,2130,709,540,926,288,997,701,1202,362,13,8,1,-2,0,,,,,,
1089,9974774,-5,-8,10,-2,110,52,4,-1,0,0,0,1,0,53,1301,0,9,8,304,1134,911,-432,632,0,9,10,-33,119,-39,62,51,2124,716,533,933,298,1002,741,1199,362,13,8,1,-2,0,,,,,,
1090,9976745,-4,-3,9,-2,109,52,6,11,0,0,0,1,0,53,1302,0,9,8,305,1135,1076,-432,630,1,10,14,-21,132,-48,67,63,2106,738,521,929,296,999,745,1239,362,13,8,1,-2,0,,,,,,
1091,9978717,-3,-4,8,-2,109,52,6,8,0,0,0,1,1,53,1303,0,9,9,306,1135,1075,-431,631,-4,6,14,-100,161,-72,45,75,2108,751,530,936,294,1003,785,1238,361,13,8,1,-2,0,,,,,,
1092,9980701,-4,4,0,-2,107,52,11,6,4,40,0,1,1,53,1303,0,9,9,306,1135,1066,-431,631,-1,40,22,-28,154,-60,57,72,2108,748,521,932,340,1004,761,1221,389,13,8,1,-2,0,,,,,,
1093,9982686,-2,5,0,-3,106,53,13,8,4,40,0,1,1,53,1304,0,9,9,307,1135,1065,-429,631,-13,25,22,-109,209,-82,37,76,2112,770,528,936,314,1008,801,1220,387,13,8,1,-2,0,,,,,,
1094,9984671,-1,2,0,-3,106,54,11,7,4,40,0,1,1,53,1305,0,9,9,308,1134,1062,-428,632,-7,32,19,-69,137,-59,1,80,2127,753,521,931,334,1015,803,1260,388,13,8,1,-2,0,,,,,,
1095,9986655,-6,3,0,-3,106,54,2,8,4,40,0,1,1,53,1306,0,9,9,310,1134,1062,-428,632,-9,32,14,-31,91,-5,41,89,2118,744,531,939,329,1017,843,1261,390,13,8,1,-2,0,,,,,,
1096,9988638,-8,3,0,-3,106,54,-3,8,4,40,0,1,1,53,1307,0,9,9,311,1134,1063,-427,633,-9,28,21,-104,-11,-25,26,106,2113,749,529,937,331,1020,883,1262,391,13,8,1,-2,0,,,,,,
1097,9986500,0,-2,-1,-3,106,52,-3,9,5,42,6,-3,1,53,1307,-6,9,9,311,1133,1129,-419,652,-19,27,14,-52,45,-8,-4,673,5004264,746,511,946,327,1124,941,1265,387,13,8,1,-2,0,,,,,,
1098,9986330,-2,-2,-1,-3,105,53,-8,13,5,42,6,-3,1,53,1308,-6,9,9,312,1133,1131,-419,650,-19,26,16,-156,-162,-18,34,401,2503184,725,510,952,334,1129,981,1266,391,13,8,1,-2,0,,,,,,
1099,9986159,-9,0,-2,-3,104,53,-20,20,5,42,6,-3,1,53,1310,-6,9,9,313,1133,1133,-421,650,-17,25,12,-98,-97,-52,55,546,3753722,702,507,958,333,1131,1021,1266,394,13,8,1,-2,0,,,,,,
1100,9985989,-10,3,-4,-3,104,53,-22,22,5,42,6,-3,1,53,1311,-6,9,9,315,1133,1133,-421,651,-15,26,8,-108,-311,-49,43,483,3128447,727,504,958,323,1134,1061,1265,394,13,8,1,-2,0,,,,,,
1101,9985819,-10,0,-5,-3,104,53,-22,9,5,42,6,-3,1,53,1313,-6,8,8,316,1133,1133,-418,652,-21,15,17,-254,-149,-110,19,549,3441057,753,505,962,328,1141,1101,1265,391,13,8,1,-2,0,,,,,,
1102,9985650,-8,-4,-4,-3,103,53,-14,-5,5,42,6,-3,1,53,1314,-6,8,8,317,1133,1132,-416,652,-13,22,7,-68,-205,-5,10,521,3284755,769,504,965,330,1146,1141,1264,390,64,106,1,1,1,,,,,,
1103,9985482,-8,-5,-4,-3,102,53,-11,-10,5,42,6,-3,1,53,1316,-6,8,8,318,1133,1133,-416,652,-16,23,17,-206,-237,-52,17,541,3362909,771,508,973,334,1147,1181,1265,390,64,106,1,1,1,,,,,,
1104,9985435,-7,-5,-4,-3,102,53,-11,-7,1,34,31,-2,1,53,1316,4,8,8,318,1126,1131,-413,661,26,18,13,-139,-221,-53,16,528,3323832,770,506,1009,4709,1204,1180,1266,390,64,106,1,1,1,,,,,,
1105,9985390,-10,-5,-4,-3,101,53,-18,-11,1,34,31,-2,1,53,1318,4,8,8,320,1126,1134,-412,660,2,20,15,-156,-352,-62,25,570,3343349,774,510,994,2506,1216,1220,1267,392,64,106,1,1,1,,,,,,
1216,10035791,-5,-27,3,-5,94,62,-1,-13,0,0,0,-5,6,37,1341,-1,4,6,345,1128,1194,-460,633,2,23,4,-5,15,5,-79,-55,2024,703,745,903,456,997,909,1245,508,64,106,1,1,1,,,,,,
1217,10037760,-6,-22,3,-5,93,62,-3,8,0,0,0,-5,6,37,1343,-1,4,6,347,1127,1193,-460,629,2,30,11,-2,149,-9,5,2,1986,749,690,906,470,992,916,1285,507,64,106,1,1,1,,,,,,
1218,10039729,-3,-19,2,-5,92,62,2,10,0,0,0,-5,6,37,1345,-1,4,6,349,1129,1211,-462,629,4,32,4,-2,1,145,-65,-47,2002,735,756,904,463,987,925,1325,508,64,106,1,1,1,,,,,,
1219,10041697,-2,-19,2,-6,92,62,5,11,0,0,0,-5,6,37,1347,-1,4,6,351,1129,1211,-462,630,11,37,6,93,36,90,-30,-10,1993,751,723,913,473,994,965,1325,506,64,106,1,1,1,,,,,,
1220,10043666,-2,-20,3,-6,91,62,8,9,0,0,0,-12,6,31,1349,-1,3,6,352,1129,1212,-461,630,8,30,9,-78,-51,68,-51,-14,1990,754,743,924,463,1001,1005,1324,506,64,106,1,1,1,,,,,,
1221,10045635,-4,-22,3,-6,90,62,9,4,0,0,0,-12,6,31,1351,-1,3,6,354,1128,1208,-459,630,10,33,4,5,-5,107,-41,-11,2001,751,742,918,465,988,1012,1364,507,64,106,1,1,1,,,,,,
1222,10047603,-3,-22,3,-6,89,63,11,7,0,0,0,-12,6,31,1353,-1,2,5,356,1127,1207,-461,631,9,27,15,-41,33,-107,49,-19,1983,772,761,925,464,988,1017,1404,507,64,106,1,1,1,,,,,,
1223,10049572,0,-26,1,-6,88,63,9,1,0,0,0,-12,6,31,1355,-1,2,5,358,1127,1205,-459,634,5,23,8,-139,97,4,-14,11,1971,799,751,924,467,992,1057,1403,504,64,106,1,1,1,,,,,,
1224,10051541,-3,-30,-1,-6,87,63,2,-7,0,0,0,-12,6,31,1357,-1,1,5,360,1127,1207,-458,635,6,26,5,-198,117,-11,39,35,1943,780,759,928,467,996,1020,2043,-5033139,64,106,1,1,1,,,,,,
1225,10055478,-7,-31,-2,-6,85,63,-3,-4,0,0,0,-12,6,24,1358,-1,1,5,361,1126,1209,-455,636,4,19,16,-173,164,16,16,48,1972,774,739,932,478,1001,1030,2083,-5033139,64,106,1,1,1,,,,,,
1226,10059416,-3,-32,-2,-6,84,62,2,-5,0,0,0,-12,6,24,1359,-1,0,5,363,1125,1207,-457,637,5,23,5,-179,106,57,-51,22,1948,792,784,930,472,996,1043,2123,-5033140,64,106,1,1,1,,,,,,
1227,10063923,-2,-32,-5,-6,84,62,-3,0,-4,54,-196,-12,6,24,1379,18982,1,16773,363,1127,1247,-457,636,0,20,16,-179,126,36,-17,35,1992,807,793,947,475,998,1043,2124,-5033134,64,106,1,1,1,,,,,,
1228,10068430,2,-35,-6,-6,82,61,3,-7,-4,54,-196,-12,6,24,1381,18982,1,16773,366,1128,1636,-459,639,4,18,4,-179,-24,55,-62,-10,1994,785,848,938,492,998,1051,2164,-5033133,64,106,1,1,1,,,,,,
1229,10072936,0,-36,-7,-6,81,61,1,-8,-4,54,-196,-12,6,24,1384,18982,1,16773,369,1127,1637,-458,638,2,14,14,-181,323,189,-34,40,2004,796,813,952,487,998,1056,2204,-5033132,64,106,1,1,1,,,,,,
1230,10077441,-4,-35,-7,-6,80,61,-8,-6,-4,54,-196,-12,6,24,1387,18982,1,16773,372,1127,1637,-458,638,4,27,17,-185,28,171,-30,39,1991,789,837,941,502,1007,1096,2204,-5033132,64,106,1,1,1,,,,,,
1231,10081946,2,-38,-8,-6,79,60,0,-13,-4,54,-196,-12,6,24,1390,18982,1,16773,375,1129,1502,-462,640,5,22,7,-183,17,239,-23,1,2000,799,890,949,490,999,1107,2244,-5033131,64,106,1,1,1,,,,,,
1232,10086450,0,-37,-9,-6,77,60,-5,-10,-4,54,-196,-12,6,24,1392,18982,1,16773,378,1129,1504,-463,640,2,22,3,-237,-38,258,6,34,1997,785,855,962,490,1012,1147,2245,-5033130,64,106,1,1,1,,,,,,
1344,10098778,2,-51,-8,-8,59,57,-4,-6,0,0,0,-12,6,32,1405,-1,-4,3,412,1119,1794,-577,634,-3,30,8,-5,26,10,-107,-16,2147,764,935,909,722,1031,1132,1220,809,64,106,1,1,1,,,,,,
1345,10100746,4,-49,-9,-8,57,56,2,1,0,0,0,-12,6,32,1408,-1,-4,3,414,1119,1793,-578,635,-6,40,-2,247,170,11,-100,-41,2177,773,942,926,737,1062,1172,1221,815,64,106,1,1,1,,,,,,
1346,10102713,-2,-46,-8,-8,55,56,-24,19,0,0,0,-12,6,32,1411,-1,-4,3,417,1119,1795,-577,634,-2,24,2,44,-58,33,-52,14,2135,733,935,926,727,1074,1212,1221,813,64,106,1,1,1,,,,,,
1347,10104689,-2,-42,-11,-8,56,56,-26,37,-8,406,-12,-12,6,27,1411,0,-4,3,417,1119,1727,-574,629,1,50,40,146,59,22,-73,-7,2175,751,938,926,732,1033,1160,1245,845,64,106,1,1,1,,,,,,
1348,10106664,1,-44,-12,-8,54,55,-26,38,-8,406,-12,-12,6,27,1413,0,-5,3,420,1119,1724,-572,629,-8,34,10,-75,-281,125,-90,-11,2183,787,936,942,731,1047,1200,1245,846,64,106,1,1,1,,,,,,
1349,10108639,6,-39,-13,-8,52,55,-22,49,-8,406,-12,-12,6,27,1416,0,-5,3,422,1119,1720,-577,630,-11,33,31,-249,56,193,-61,-55,2236,765,937,936,731,1061,1240,1246,844,64,106,1,1,1,,,,,,
1350,10110613,12,-33,-14,-7,50,55,-21,63,-8,406,-12,-12,6,27,1418,0,-5,3,424,1120,1796,-580,628,-6,39,37,-164,128,206,-31,-23,2202,788,945,935,741,1068,1256,1286,845,64,106,1,1,1,,,,,,
1351,10112586,9,-34,-16,-6,48,55,-27,64,-8,406,-12,-12,6,32,1420,0,-5,3,426,1120,1798,-579,631,-5,29,26,-353,-73,136,-23,-2,2183,772,941,938,742,1084,1296,1286,847,64,106,1,1,1,,,,,,
1352,10114559,6,-34,-16,-6,47,55,-33,61,-8,406,-12,-12,6,32,1422,0,-5,4,428,1120,1799,-580,631,-7,24,33,-216,257,236,-11,3,2186,780,950,941,736,1097,1336,1287,842,64,106,1,1,1,,,,,,
1408,10130271,2,-46,-11,-4,35,50,-11,3,0,0,0,0,6,44,1441,-1,-8,6,446,1111,1870,-577,634,-2,23,13,1,27,18,135,5,2445,837,1012,937,823,1071,1224,1255,1034,64,106,1,1,1,,,,,,
1409,10132239,2,-45,-11,-4,34,49,-7,6,0,0,0,0,6,44,1443,-1,-9,6,448,1111,1870,-578,634,1,11,11,22,161,99,140,-5,2461,841,1012,950,826,1079,1264,1256,1036,64,106,1,1,1,,,,,,
1410,10134206,-2,-45,-11,-4,33,48,-7,3,0,0,0,0,6,44,1445,-1,-9,6,450,1111,1871,-579,635,2,26,15,153,-123,-12,140,6,2455,852,1028,930,814,1090,1304,1256,1040,64,106,1,1,1,,,,,,
1411,10136174,-1,-42,-12,-4,32,47,-3,6,0,0,0,0,6,44,1447,-1,-10,6,452,1112,2142,-581,634,2,18,7,74,40,-99,24,-5,2438,870,1046,944,834,1093,1323,1296,1039,64,106,1,1,1,,,,,,
1412,10138133,31,-34,-10,-3,32,45,-9,3,3,5,7,-92,6,44,1447,4,39,-1,452,1060,2188,-547,634,7,30,15,153,-40,-55,90,-1,2452,856,1048,937,824,1093,1355,1312,1079,64,106,1,1,1,,,,,,
1413,10140069,27,-32,-18,-5,32,45,31,2,3,9,6,1190,6,44,1447,4,39,-1,452,1092,2196,-515,650,4,24,6,114,-3,-90,46,-178,2330,802,1089,927,841,1068,1367,1307,1092,64,106,1,1,1,,,,,,
1414,10142005,28,-34,-18,-4,31,44,23,-9,3,9,6,1190,6,44,1449,4,39,-1,453,1091,2198,-516,651,5,28,5,128,57,-174,67,-89,2426,797,1084,941,824,1076,1383,1347,1093,64,106,1,1,1,,,,,,
1415,10143940,21,-29,-18,-4,30,44,6,-9,3,9,6,1190,6,44,1451,4,39,-1,454,1091,2202,-521,651,5,14,3,-103,107,-84,120,-104,2353,748,1094,929,846,1085,1423,1347,1095,64,106,1,1,1,,,,,,
1416,10145875,20,-24,-18,-4,29,43,4,-7,3,9,6,1190,6,49,1452,4,39,-1,455,1091,2202,-524,653,11,26,18,151,29,-65,107,-112,2403,775,1097,929,829,1089,1463,1348,1089,64,106,1,1,1,,,,,,
1417,10147809,19,-19,-19,-4,29,42,12,-1,3,9,6,1190,6,49,1454,4,39,-1,457,1092,2219,-521,649,8,19,9,6,-4,-20,162,-73,2361,779,1074,933,840,1086,1463,1311,1825,64,106,1,1,1,,,,,,
1418,10151712,25,-16,-20,-4,29,41,31,-3,3,9,6,1190,6,49,1456,4,39,-1,459,1092,2215,-522,649,6,17,16,-51,39,28,93,-139,2427,831,1099,931,845,1090,1503,1310,1825,64,106,1,1,1,,,,,,
1419,10155606,25,-17,-23,-4,30,41,25,4,-13,84,21,1190,88,49,1457,44,39,-48,459,1104,2215,-482,649,11,19,13,-24,27,-3,127,-106,2394,837,1102,964,858,1090,1500,1308,1825,64,106,1,1,1,,,,,,
1420,10159522,25,-20,-19,-4,30,43,15,5,-13,74,-1,1190,88,49,1457,44,39,-48,459,1104,2215,-450,657,40,26,14,-33,31,11,112,-128,2420,755,1150,984,896,1138,1456,1273,1825,64,106,1,1,1,,,,,,
1421,10163437,19,-16,-18,-4,30,42,-1,8,-13,74,-1,1190,88,49,1458,44,39,-48,460,1104,2222,-453,657,27,32,-2,33,-83,138,207,-60,2356,714,1138,974,863,1142,1496,1273,1832,64,106,1,1,1,,,,,,
1422,10167352,24,-16,-20,-4,30,41,13,7,-13,74,-1,1190,88,49,1459,44,39,-48,461,1108,2223,-459,659,34,25,1,10,-82,-11,219,-171,2345,770,1242,999,879,1136,1510,1313,1833,64,106,1,1,1,17,-57,20,1,160,10
1423,10171266,19,-15,-20,-4,30,41,-5,16,-13,74,-1,1190,88,49,1460,44,39,-48,462,1106,2221,-588,662,30,28,9,26,-77,96,386,-151,2417,772,1160,929,863,1139,1507,1326,1873,64,106,1,1,1,17,-57,20,1,160,10
1424,10175175,20,-17,-20,-4,30,40,2,13,-13,74,-1,1190,88,50,1461,44,39,-48,463,1106,2220,-587,662,29,26,-5,4,-400,67,285,-168,2389,802,1211,975,865,1139,1547,1328,1873,64,106,1,1,1,17,-57,20,1,160,10
1425,10179084,18,-17,-19,-4,30,40,-2,10,-13,74,-1,1190,88,50,1463,44,39,-48,465,1106,2222,-587,661,31,20,9,-165,72,164,353,-142,2393,779,1193,950,870,1147,1587,1331,1868,64,106,1,1,1,17,-57,20,1,160,10
1426,10182988,12,-15,-19,-5,30,39,-7,13,-13,74,-1,1190,88,50,1464,44,39,-48,467,1108,2069,-582,659,32,24,11,-76,-40,25,257,-106,2406,775,1168,973,864,1141,1577,1294,2636,64,106,1,1,1,17,-57,20,1,160,10
1427,10188861,12,-15,-19,-5,30,38,-2,13,-13,74,-1,1190,88,50,1465,44,39,-48,468,1112,2068,-582,660,31,23,2,-140,-177,125,317,-129,2386,788,1194,956,877,1144,1580,1334,2635,64,106,1,1,1,17,-57,20,1,160,10
1428,10194734,9,-17,-17,-5,30,37,-5,7,-13,74,-1,1190,88,50,1465,44,39,-48,468,1110,2070,-411,663,31,22,13,-107,-90,340,96,-161,2401,811,1158,961,878,1147,1577,1344,2675,64,106,1,1,1,17,-57,20,1,160,10
1429,10200606,5,-19,-16,-5,30,36,-8,2,-13,74,-1,1190,88,51,1466,44,40,-48,468,1109,2072,-407,665,31,22,16,-144,-132,329,254,-131,2428,766,1166,973,891,1138,1582,1384,2675,64,106,1,1,1,17,-57,20,1,160,10
1430,10206479,9,-20,-14,-5,30,35,-1,3,-13,74,-1,1190,88,51,1467,44,40,-48,468,1109,2070,-406,663,30,15,28,-227,-164,405,147,-168,2442,816,1165,970,887,1138,1622,1383,2680,64,106,1,1,1,17,-57,20,1,160,10
1431,10212352,17,-20,-13,-5,29,34,8,1,-13,74,-1,1190,88,51,1468,44,40,-48,469,1109,2063,-405,664,34,20,20,-225,-139,376,156,-190,2476,838,1162,965,886,1140,1662,1384,2682,64,106,1,1,1,17,-57,20,1,160,10
1432,10218224,22,-19,-14,-5,29,34,16,3,-13,74,-1,1190,88,51,1468,44,40,-48,469,1109,2059,-405,665,25,23,12,-143,-112,350,142,-207,2483,844,1167,962,883,1146,1702,1384,2684,64,106,1,1,1,17,-57,20,1,160,10
1433,10224097,30,-17,-14,-5,29,33,19,6,-13,74,-1,1190,88,51,1468,44,40,-48,470,1107,2058,-423,659,27,21,8,-194,-102,293,115,-262,2474,806,1199,972,887,1146,1708,1389,2724,64,106,1,1,1,17,-57,20,1,160,10
1434,10229970,28,-17,-13,-5,29,32,9,5,-13,74,-1,1190,88,51,1468,43,40,-48,471,1107,2059,-424,658,31,26,-14,-69,-84,326,153,-205,2457,802,1186,962,887,1167,1671,2189,-5109652,64,106,1,1,1,17,-57,20,1,160,10
1435,10237811,29,-16,-13,-4,29,32,9,3,-13,74,-1,1190,88,51,1469,43,40,-48,471,1107,2059,-425,658,20,26,2,-155,-246,280,132,-233,2468,808,1192,967,899,1170,1711,2189,-5109652,64,106,1,1,1,17,-57,20,1,160,10
1436,10241499,37,-17,-14,-4,29,32,9,3,-15,83,-16,1190,545,51,1470,5951,40,-48,471,1122,2072,-423,649,22,66,-5,-112,-166,303,142,-219,2461,805,1189,964,893,1204,1702,2189,-5109653,64,106,1,1,1,17,-57,20,1,160,10
1437,10245186,39,-13,-14,-4,30,31,10,9,-15,83,-16,1190,545,51,1471,5951,40,-48,471,1122,2070,-425,649,18,38,8,-198,49,325,149,-248,2486,800,1183,955,893,1215,1742,2189,-5109654,64,106,1,1,1,17,-57,20,1,160,10
1438,10248874,40,-13,-14,-4,30,30,8,6,-15,83,-16,1190,545,51,1471,5951,40,-49,471,1122,2070,-425,648,24,55,9,-26,-200,359,147,-221,2461,806,1182,966,899,1220,1782,2188,-5109656,64,106,1,1,1,17,-57,20,1,160,10
1439,10252562,40,-13,-14,-4,30,29,10,7,-15,83,-16,1190,545,51,1471,5951,40,-49,471,1122,2070,-425,648,24,47,-19,-230,-54,306,150,-235,2474,805,1179,960,902,1225,1822,2188,-5109659,64,106,1,1,1,17,-57,20,1,160,10
1440,10256251,39,-12,-14,-4,31,28,11,10,-15,83,-16,1190,545,51,1471,5951,40,-49,471,1121,2071,-424,647,25,50,-10,-91,-141,538,170,-213,2463,803,1172,966,900,1228,1825,2228,-5109660,64,106,1,1,1,17,-57,20,1,160,10
1441,10259941,38,-12,-14,-4,31,27,11,11,-15,83,-16,1190,545,45,1471,5951,41,-49,471,1120,2072,-423,647,24,54,-9,-190,2,230,118,-220,2474,796,1175,966,904,1231,1817,2268,-5109661,64,106,1,1,1,17,-57,20,1,160,10
1442,10263631,37,-10,-14,-4,31,26,15,14,-15,83,-16,1190,545,45,1471,5951,41,-49,471,1120,2074,-424,646,25,49,7,-200,-92,339,157,-229,2479,788,1179,966,908,1242,1857,2268,-5109664,64,106,1,1,1,17,-57,20,1,160,10
1664,10256244,-8,8,-13,-3,26,2,-6,3,0,0,0,1,0,45,1500,0,-6,8,500,1112,2223,-478,633,5,-12,17,3,-15,18,40,-47,2680,1124,951,1024,936,1389,1253,1351,1271,64,106,1,1,1,17,-57,20,1,160,10
1665,10258212,-6,8,-14,-3,26,1,-2,1,0,0,0,1,0,45,1500,0,-6,7,500,1111,2225,-479,633,4,-17,24,4,-63,-58,85,-56,2670,1130,964,1034,925,1383,1256,1391,1271,64,106,1,1,1,17,-57,20,1,160,10
1666,10260181,-4,8,-14,-3,26,1,1,1,0,0,0,1,0,45,1500,0,-6,7,500,1111,2224,-479,632,10,-26,27,-11,78,-39,50,-62,2683,1143,957,1027,930,1388,1296,1390,1270,64,106,1,1,1,17,-57,20,1,160,10
1667,10262150,-1,9,-13,-3,27,1,4,3,0,0,0,1,0,45,1500,0,-6,7,500,1111,2223,-479,634,4,-3,8,97,-208,-64,63,-71,2686,1142,954,1043,927,1383,1336,1391,1272,64,106,1,1,1,17,-57,20,1,160,10
1668,10264118,-3,9,-12,-3,27,1,1,7,0,0,0,1,0,45,1500,0,-6,7,500,1110,2220,-479,634,5,-14,-4,55,-186,125,13,-53,2684,1147,939,1026,921,1386,1342,1431,1272,64,106,1,1,1,17,-57,20,1,160,10
1669,10266086,-2,8,-12,-3,28,1,1,3,0,0,0,1,0,45,1500,0,-6,7,500,1109,2222,-479,634,4,-10,17,77,-25,-101,55,-69,2690,1137,955,1041,922,1383,1353,1471,1273,64,106,1,1,1,10,-31,-41,6,4,17
1670,10268053,0,7,-11,-3,28,1,2,1,0,0,0,1,0,45,1500,0,-6,7,500,1109,2220,-478,635,8,-18,-10,-189,-8,-25,19,-60,2687,1157,933,1033,921,1386,1393,1471,1272,64,106,1,1,1,10,-31,-41,6,4,17
1671,10270021,-1,6,-12,-3,28,1,1,0,0,0,0,1,0,45,1500,0,-6,7,500,1109,2220,-477,636,1,-14,21,-93,99,65,42,-57,2675,1148,948,1040,924,1400,1433,1470,1272,64,106,1,1,1,10,-31,-41,6,4,17
1672,10271989,0,4,-11,-3,28,0,1,-2,0,0,0,1,0,45,1500,0,-6,7,500,1109,2220,-476,635,14,-16,-3,1,-72,-74,23,-50,2674,1159,947,1046,915,1400,1396,2334,-5142597,64,106,1,1,1,10,-31,-41,6,4,17
1673,10275925,-1,2,-10,-3,28,-1,2,-4,0,0,0,1,0,45,1500,0,-5,7,500,1109,2221,-474,634,6,-6,-2,7,99,-35,23,-44,2668,1158,957,1045,919,1397,1436,2334,-5142599,64,106,1,1,1,10,-31,-41,6,4,17
1674,10279862,-3,2,-9,-3,28,-1,1,0,0,0,0,1,0,45,1500,0,-5,7,500,1108,2222,-472,633,10,-10,-15,14,-177,-168,-27,-32,2671,1161,936,1045,920,1388,1428,2374,-5142600,64,106,1,1,1,10,-31,-41,6,4,17
1675,10283799,-3,1,-9,-3,28,-2,3,-2,0,0,0,1,0,45,1500,0,-5,7,500,1108,2223,-471,632,15,8,-13,312,220,-147,-11,-39,2670,1166,949,1035,908,1377,1468,2374,-5142602,64,106,1,1,1,10,-31,-41,6,4,17
1676,10287737,-3,3,-9,-3,28,-2,5,5,0,0,0,1,0,45,1500,0,-5,7,500,1108,2224,-472,631,5,-12,-21,-220,-251,-134,-7,-45,2684,1149,949,1024,920,1363,1508,2373,-5142600,64,106,1,1,1,10,-31,-41,6,4,17
1677,10291675,-4,3,-9,-3,28,-2,4,6,0,0,0,1,0,45,1500,0,-5,7,500,1108,2224,-472,633,15,1,-4,240,283,-132,-11,-41,2677,1160,959,1034,912,1366,1548,2374,-5142601,64,106,1,1,1,10,-31,-41,6,4,17
1678,10295612,-2,3,-9,-3,28,-2,7,8,0,0,0,1,0,44,1500,0,-5,7,500,1108,2224,-470,632,9,3,-25,28,-177,-155,-18,-47,2685,1163,961,1021,925,1360,1588,2374,-5142602,64,106,1,1,1,10,-31,-41,6,4,17
1679,10299550,-2,3,-10,-3,27,-2,7,10,0,0,0,1,0,44,1500,0,-5,7,500,1108,2224,-470,633,9,-11,-6,162,303,-145,-4,-47,2681,1154,964,1034,909,1357,1628,2373,-5142601,64,106,1,1,1,10,-31,-41,6,4,17
1680,10303488,-1,1,-9,-4,27,-2,8,7,0,0,0,1,0,44,1500,0,-5,7,500,1108,2224,-469,633,13,12,-10,245,21,-145,-27,-41,2676,1175,962,1040,917,1368,1591,3269,17014,64,106,1,1,1,10,-31,-41,6,4,17
1681,10309394,-2,1,-10,-4,26,-2,7,8,0,0,0,1,0,44,1500,0,-5,7,500,1108,2225,-469,633,10,-12,-28,215,-18,-218,-7,-41,2673,1158,969,1050,907,1360,1631,3269,17016,64,106,1,1,1,10,-31,-41,6,4,17
1682,10315301,1,1,-9,-4,26,-2,10,7,0,0,0,1,0,44,1500,0,-5,7,500,1108,2223,-469,633,12,10,-4,162,131,-96,-33,-51,2685,1183,979,1059,915,1366,1671,3268,17016,64,106,1,1,1,10,-31,-41,6,4,17
1683,10321208,0,3,-9,-4,25,-2,8,9,0,0,0,1,0,44,1500,0,-5,7,500,1107,2220,-469,632,11,-1,-24,176,14,-369,-97,-32,2677,1172,961,1068,916,1372,1685,3308,17016,64,106,1,1,1,10,-31,-41,6,4,17
1684,10327115,2,3,-10,-4,24,-1,3,6,-3,40,1,7,0,44,1500,0,-5,7,500,1108,2223,-469,632,11,4,-14,169,70,-233,-65,-44,2681,1178,937,1130,1012,1376,1671,3324,17012,64,106,1,1,1,10,-31,-41,6,4,17
1685,10333022,2,3,-10,-5,24,-1,1,6,-3,40,1,7,0,44,1500,0,-5,7,500,1107,2225,-469,630,11,-2,-19,145,23,-325,-76,-32,2677,1179,941,1099,957,1373,1676,3364,17010,64,106,1,1,1,10,-31,-41,6,4,17
1686,10338931,5,3,-11,-4,24,-2,4,3,-3,40,1,7,0,44,1500,0,-5,7,500,1105,2228,-233,627,10,2,-15,155,67,-171,-50,-38,2665,1168,946,1131,984,1373,1673,3359,17050,64,106,1,1,1,10,-31,-41,6,4,17
1687,10344840,5,0,-10,-4,24,-2,3,-3,-3,40,1,7,0,44,1500,0,-5,7,500,1107,2264,-234,628,9,3,-20,142,12,-127,-99,-54,2687,1158,963,1121,970,1384,1682,3399,17051,64,106,1,1,1,10,-31,-41,6,4,17
1688,10350748,6,-1,-10,-4,24,-2,4,-6,-3,40,1,7,0,44,1500,0,-5,7,500,1107,2262,-233,629,5,7,-25,136,-50,-74,-85,-48,2679,1174,937,1126,983,1384,1722,3399,17052,64,106,1,1,1,10,-31,-41,6,4,17
1856,10350723,13,-5,-1,-6,23,-11,9,-4,0,0,0,1,0,44,1500,-1,-4,7,500,1113,2094,-127,632,-9,0,7,-9,-9,19,-56,278,2443,1027,929,1042,1035,1412,1245,1327,1327,64,106,1,1,1,10,-31,-41,6,4,17
1857,10352691,17,-5,-1,-5,23,-11,13,-3,0,0,0,1,0,44,1500,-1,-4,7,500,1113,2091,-127,632,-10,14,-7,-62,-167,18,-70,263,2458,1041,919,1047,1041,1415,1285,1327,1328,64,106,1,1,1,10,-31,-41,6,4,17
1858,10354660,17,-5,-1,-4,23,-11,10,-3,0,0,0,1,0,44,1500,-1,-4,7,500,1113,2091,-126,633,-10,-9,20,-97,18,-8,-61,282,2440,1031,908,1044,1041,1415,1325,1326,1328,64,106,1,1,1,10,-31,-41,6,4,17
1859,10356629,19,-6,-1,-4,23,-11,10,-5,0,0,0,1,0,44,1500,0,-4,7,500,1112,2092,-127,634,-10,4,26,-101,157,-179,-30,265,2453,1033,921,1038,1046,1421,1345,1366,1328,64,106,1,1,1,10,-31,-41,6,4,17
1860,10358599,19,-7,-2,-4,23,-11,8,-5,0,0,0,1,0,44,1500,0,-4,7,500,1111,2089,-126,635,-9,-2,3,-87,-132,-46,-116,286,2450,1024,905,1035,1031,1427,1354,1406,1327,64,106,1,1,1,10,-31,-41,6,4,17
1861,10360570,18,-8,-2,-4,23,-11,6,-5,0,0,0,1,0,44,1500,0,-4,7,500,1115,2088,-125,635,-10,1,29,-91,119,-162,-126,283,2461,1017,906,1032,1035,1427,1357,1446,1326,64,106,1,1,1,10,-31,-41,6,4,17
1862,10362541,17,-9,-1,-3,23,-11,7,-4,0,0,0,1,0,44,1500,0,-4,7,500,1115,2089,-124,636,-3,-7,2,-267,-60,-172,-121,291,2450,1018,908,1038,1033,1421,1397,1446,1326,64,106,1,1,1,10,-31,-41,6,4,17
1863,10364513,15,-8,-1,-3,23,-11,8,0,0,0,0,1,0,44,1499,0,-4,7,500,1115,2089,-125,636,-13,-5,23,-85,178,-41,-117,277,2465,1008,901,1040,1028,1421,1437,1445,1328,64,106,1,1,1,10,-31,-41,6,4,17
1864,10366485,15,-8,-1,-3,23,-11,8,-1,0,0,0,1,0,44,1499,1,-4,7,499,1113,2090,69,635,-8,-6,20,-176,66,-8,-184,154,2448,1007,910,1044,1039,1418,1446,1445,1291,64,106,1,1,1,10,-31,-41,6,4,17
1865,10370425,13,-8,0,-3,23,-11,6,-2,0,0,0,1,0,44,1498,1,-4,7,499,1113,2091,68,634,-15,-3,0,-182,112,30,-148,223,2450,999,899,1035,1030,1403,1486,1445,1291,64,106,1,1,1,10,-31,-41,6,4,17
1866,10374365,11,-7,0,-2,23,-11,4,1,0,0,0,1,0,44,1498,1,-4,7,498,1113,2092,68,634,-11,-12,31,-227,23,-33,-160,193,2444,997,910,1036,1025,1403,1526,1446,1291,64,106,1,1,1,10,-31,-41,6,4,17
1867,10378194,84,-4,-1,-2,23,-10,0,1,-10,9,0,1,0,44,1499,1,-4,7,498,1113,2092,74,636,-15,-7,15,-204,99,55,-154,209,2447,998,907,1042,1011,1501,1734,1522,1285,64,106,1,1,1,10,-31,-41,6,4,17
1868,10382023,83,-5,-1,-2,23,-10,-2,2,-10,9,0,1,0,44,1499,1,-4,7,497,1112,2094,74,637,-12,-8,12,-196,-100,126,-137,202,2450,990,905,1039,1020,1501,1734,1562,1286,64,106,1,1,1,10,-31,-41,6,4,17
1869,10385851,82,-6,-1,-2,23,-10,-1,-4,-10,9,0,1,0,44,1499,1,-4,7,496,1112,2094,73,637,-10,6,-6,-40,-64,175,-155,205,2446,999,918,1038,1021,1495,1774,1562,1284,64,106,1,1,1,10,-31,-41,6,4,17
1870,10389680,83,-5,-1,-2,22,-10,0,-2,-10,9,0,1,0,44,1499,1,-4,7,496,1112,2094,72,637,-15,-10,11,-451,-117,166,-143,203,2446,986,920,1048,1012,1501,1814,1561,1284,64,106,1,1,1,10,-31,-41,6,4,17
1871,10393509,82,-4,0,-2,22,-10,-3,0,-10,9,0,1,0,44,1499,1,-4,7,495,1112,2095,71,637,-8,-2,8,-74,9,157,-140,201,2449,978,919,1032,1016,1483,1854,1562,1281,64,106,1,1,1,10,-31,-41,6,4,17
1872,10397337,83,-3,0,-2,22,-10,0,1,-10,9,0,-8,0,44,1499,1,-4,7,495,1107,2098,72,638,-11,-6,5,-255,-68,33,-332,141,2440,977,921,1046,1017,1473,1854,1553,1321,64,106,1,1,1,10,-31,-41,6,4,17
1984,10413709,1,-3,1,2,17,-11,0,-1,0,0,0,-15,0,44,1492,1,-4,7,491,1115,2005,-127,632,0,-2,6,0,-9,15,-141,-56,2280,1028,947,1000,992,1373,1250,1325,1333,64,106,1,1,1,10,-31,-41,6,4,17
1985,10415677,-1,-2,1,2,17,-11,-4,4,0,0,0,-22,0,44,1492,1,-4,7,491,1114,2003,-125,631,0,-2,8,-24,-127,0,-138,-34,2277,1029,924,997,992,1367,1244,1365,1333,64,106,1,1,1,10,-31,-41,6,4,17
1986,10417645,-1,-2,0,2,17,-11,-6,6,0,0,0,-22,0,44,1491,1,-4,7,490,1112,2004,-266,631,0,-2,6,-17,-49,-74,-78,34,2279,1029,931,996,992,1364,1241,1353,1373,64,106,1,1,1,10,-31,-41,6,4,17
1987,10419613,-1,-1,-1,2,17,-11,-6,7,0,0,0,-22,0,44,1491,1,-4,7,489,1112,2004,-267,632,6,3,-1,121,-42,-75,-107,-7,2280,1024,930,996,992,1361,1281,1351,1374,64,106,1,1,1,10,-31,-41,6,4,17
1988,10421583,-2,0,-2,1,17,-11,-8,9,0,0,0,-22,0,44,1490,1,-4,7,488,1112,2005,-268,633,0,-3,-5,-91,-125,-36,-90,10,2277,1021,930,993,986,1358,1321,1350,1374,64,106,1,1,1,10,-31,-41,6,4,17
1989,10423553,-3,0,-2,1,17,-11,-10,9,0,0,0,-22,0,44,1489,1,-4,7,487,1112,2005,-268,633,0,-1,10,130,50,-85,-100,3,2272,1018,930,986,995,1361,1361,1351,1376,64,106,1,1,1,10,-31,-41,6,4,17
1990,10425522,-4,1,-3,1,17,-11,-12,8,0,0,0,-22,0,44,1489,1,-4,7,486,1111,2002,-268,632,1,4,4,11,20,6,-118,6,2272,1016,930,986,985,1355,1358,1391,1376,64,106,1,1,1,10,-31,-41,6,4,17
1991,10427491,-7,2,-3,1,17,-11,-15,11,0,0,0,-22,0,44,1488,1,-4,7,486,1109,1999,-338,633,-1,0,0,73,29,-40,-277,35,2287,1022,925,970,971,1355,1361,1385,1416,64,106,1,1,1,10,-31,-41,6,4,17
1992,10429459,-6,2,-2,1,17,-11,-15,11,0,0,0,-44,0,44,1488,1,-4,7,486,1111,2008,-339,633,0,3,-7,65,-10,264,-209,10,2273,1025,935,984,966,1358,1358,1348,2440,64,106,1,1,1,10,-31,-41,6,4,17
1993,10433395,-6,2,-2,1,17,-11,-17,9,0,0,0,-44,0,44,1488,1,-4,7,485,1111,2007,-338,633,4,18,-24,357,-330,99,-242,29,2271,1018,939,966,968,1358,1398,1348,2439,64,106,1,1,1,10,-31,-41,6,4,17
1994,10437331,-7,2,-2,1,17,-11,-17,11,0,0,0,-44,0,44,1487,0,-4,7,484,1111,2007,-337,633,0,-4,0,-132,103,165,-222,20,2263,1013,934,986,961,1355,1438,1349,2439,64,106,1,1,1,10,-31,-41,6,4,17
1995,10441203,-7,1,-2,1,17,-13,-11,-9,-125,-192,-127,-23,3101,44,1487,0,-5,7,484,1117,2001,-297,632,0,7,-12,112,-115,129,-232,24,2267,1048,532451,1096,962,1356,1437,1349,2439,64,106,1,1,1,10,-31,-41,6,4,17
1996,10445075,-6,-1,-2,1,17,-13,-7,-11,-125,-192,-127,-23,3101,44,1485,-1,-5,7,482,1117,2000,-296,632,-7,-7,8,-356,144,151,-246,21,2258,1042,266699,1044,953,1351,1477,1349,2440,64,106,1,1,1,10,-31,-41,6,4,17
1997,10448948,-5,-1,-2,1,17,-13,-7,-12,-125,-192,-127,-23,3101,44,1484,-2,-5,7,481,1116,2004,-297,632,-3,6,4,-121,107,195,-134,18,2254,1047,399573,1070,947,1337,1480,1389,2439,64,106,1,1,1,10,-31,-41,6,4,17
1998,10452821,-5,-1,-2,0,17,-13,-6,-12,-125,-192,-127,-23,3101,44,1483,-3,-5,7,480,1116,2003,-297,632,-8,3,-5,-137,-67,101,-198,18,2253,1045,333127,1062,944,1331,1520,1390,2438,64,106,1,1,1,10,-31,-41,6,4,17
1999,10456693,-7,0,-3,0,17,-13,-9,-12,-125,-192,-127,-36,3101,45,1482,-4,-4,7,479,1116,2004,-297,633,-8,-3,6,-140,59,184,-154,26,2239,1027,366356,1059,934,1329,1560,1390,2438,64,106,1,1,1,10,-31,-41,6,4,17
2000,10460566,-5,0,-2,0,17,-13,-6,-12,-125,-192,-127,-36,3101,45,1481,-5,-4,7,478,1116,2002,-297,633,-9,6,7,-3,-7,65,-193,7,2255,1044,349741,1053,928,1323,1600,1389,2438,64,106,1,1,1,10,-31,-41,6,4,17
2112,10476694,-4,0,2,0,17,-10,4,0,0,0,0,-124,1,44,1468,-8,-3,6,465,1120,1782,-118,633,-6,-3,5,-3,-3,-4,-59,22,2198,981,894,955,922,1348,1215,1274,1277,64,106,1,1,1,10,-31,-41,6,4,17
2113,10478663,-5,-1,2,0,17,-10,3,-2,0,0,0,-124,1,44,1467,-9,-3,6,464,1121,1335,-118,634,-6,-3,9,10,140,216,-117,19,2205,970,894,943,919,1359,1209,1314,1276,64,106,1,1,1,10,-31,-41,6,4,17
2114,10480632,-6,-1,2,0,17,-10,2,-3,0,0,0,-135,1,44,1466,-10,-3,7,463,1121,1335,-118,635,-4,-3,-5,-45,-91,115,-84,23,2191,964,900,947,923,1350,1249,1315,1278,64,106,1,1,1,10,-31,-41,6,4,17
2115,10482600,-8,-2,2,-1,17,-10,-3,-5,0,0,0,-135,1,44,1465,-10,-3,7,461,1121,1334,-118,634,-15,-8,8,-62,215,155,-100,29,2185,960,903,935,921,1342,1289,1315,1279,64,106,1,1,1,10,-31,-41,6,4,17
2116,10484568,-9,-3,2,-1,17,-10,-3,-7,0,0,0,-135,1,44,1464,-11,-3,7,460,1120,1333,-120,634,-8,2,2,-47,112,462,-145,17,2184,961,905,941,915,1337,1283,1355,1280,64,106,1,1,1,10,-31,-41,6,4,17
2117,10486537,-7,-4,2,-1,17,-10,0,-9,0,0,0,-135,1,44,1464,-12,-3,7,459,1119,1334,-122,634,-11,-5,12,-68,247,107,-82,10,2175,965,913,930,920,1342,1285,1395,1276,64,106,1,1,1,10,-31,-41,6,4,17
2118,10488509,-7,-4,2,-1,17,-10,-2,-8,0,0,0,-135,1,44,1463,-13,-3,7,459,1119,1333,-122,634,-11,-12,11,-239,-112,293,-107,13,2176,953,903,931,914,1342,1325,1394,1275,64,106,1,1,1,10,-31,-41,6,4,17
2119,10490481,-9,-4,2,-1,17,-9,-5,-7,0,0,0,-145,1,44,1462,-14,-3,7,458,1119,1333,-122,635,-12,-2,26,-102,189,220,-88,20,2157,948,899,930,911,1347,1365,1395,1275,64,106,1,1,1,10,-31,-41,6,4,17
2120,10492452,-9,-3,2,-1,17,-9,-4,-8,0,0,0,-145,1,44,1461,-15,-3,7,457,1119,1331,-123,635,-11,-5,0,-29,-241,207,-99,6,2171,948,901,928,904,1349,1328,2483,-5252819,64,106,1,1,1,10,-31,-41,6,4,17
2121,10496392,-9,-4,2,-1,16,-9,-1,-10,0,0,0,-155,1,44,1461,-16,-3,7,456,1118,1333,-124,635,-10,-7,5,-68,-324,329,-135,3,2161,948,908,929,914,1336,1318,2523,-5252820,64,106,1,1,1,10,-31,-41,6,4,17
2122,10500332,-10,-4,2,-1,16,-9,-2,-8,0,0,0,-155,1,44,1460,-18,-3,7,455,1118,1332,-124,635,-9,1,8,153,-260,326,-110,2,2169,936,909,931,914,1331,1358,2523,-5252821,64,106,1,1,1,10,-31,-41,6,4,17
2123,10504273,-10,-4,2,-1,16,-9,1,-6,0,0,0,-155,1,44,1459,-19,-3,7,455,1118,1330,-124,634,-11,-7,4,1,-406,275,-122,-3,2169,940,905,930,909,1325,1398,2522,-5252821,64,106,1,1,1,10,-31,-41,6,4,17
2124,10508214,-9,-4,2,-1,16,-9,0,-5,0,0,0,-163,6,44,1459,-20,-3,7,455,1122,1331,-126,634,-10,-10,9,69,-315,438,-67,-2,2172,937,905,927,904,1325,1398,2562,-5252820,64,106,1,1,1,10,-31,-41,6,4,17
2125,10512154,-9,-5,2,-1,16,-9,0,-5,0,0,0,-163,6,44,1459,-21,-3,7,454,1122,1329,-126,635,-8,-11,14,32,-264,374,-95,-2,2170,938,905,923,900,1327,1438,2562,-5252819,64,106,1,1,1,10,-31,-41,6,4,17
2126,10516095,-10,-5,2,-1,15,-9,-3,-4,0,0,0,-163,13,44,1458,-22,-3,7,454,1121,1331,-127,635,-8,-14,9,57,-243,317,-188,1,2174,932,902,911,905,1327,1441,2602,-5252820,64,106,1,1,1,10,-31,-41,6,4,17
2127,10520036,-9,-5,2,-1,15,-9,-2,-5,0,0,0,-163,13,44,1458,-23,-3,7,454,1121,1329,-128,635,-11,-7,-6,121,-183,309,-145,-4,2177,939,897,910,897,1322,1481,2603,-5252818,64,106,1,1,1,10,-31,-41,6,4,17
2128,10523976,-8,-5,2,-1,15,-9,-5,-4,0,0,0,-163,13,44,1458,-23,-3,7,454,1121,1327,-128,636,-9,-17,12,-69,-299,348,-164,-1,2176,933,893,910,905,1310,1444,3723,17022,64,106,1,1,1,10,-31,-41,6,4,17
2129,10529885,-5,-5,2,-1,15,-9,-1,-7,0,0,0,-163,13,44,1458,-23,-3,7,454,1121,1325,-128,636,-16,-18,23,-6,-190,366,-172,-6,2180,953,895,910,899,1300,1484,3722,17020,64,106,1,1,1,16,443,14,1264,235,635
2130,10535794,-5,-4,2,-1,15,-9,-2,-4,0,0,0,-163,13,44,1458,-23,-3,7,454,1120,1323,-129,636,-13,-12,25,-51,-157,332,-197,12,2179,944,878,910,907,1307,1494,3762,17020,64,106,1,1,1,16,443,14,1264,235,635
2131,10541704,-5,-4,2,-1,15,-8,-5,-2,0,0,0,-163,28,44,1458,-23,-3,7,454,1115,1324,-128,635,-14,-14,17,-30,-173,125,-248,66,2179,950,884,912,892,1307,1494,3764,17060,64,106,1,1,1,16,443,14,1264,235,635
2132,10547614,-6,-5,2,-1,15,-8,-10,-6,0,0,0,-163,28,44,1458,-23,-3,7,454,1115,1323,-129,635,-17,-23,32,50,54,160,-220,51,2169,946,876,911,901,1307,1534,3765,17061,64,106,1,1,1,16,443,14,1264,235,635
2133,10553524,-6,-5,2,-1,15,-8,-15,-5,-2,-123,-54,-151,28,48,1458,-23,-3,7,454,1108,1320,-133,633,-8,22,23,12,-58,141,-234,60,2175,948,880,911,896,1306,1590,3764,17061,64,106,1,1,1,16,443,14,1264,235,635
2134,10559434,-6,-5,3,-1,15,-8,-15,-6,-2,-123,-54,-151,28,48,1458,-23,-2,7,454,1109,1644,-135,633,-12,-8,13,37,-154,123,-216,51,2169,950,883,918,889,1296,1588,3804,17062,64,106,1,1,1,16,443,14,1264,235,635
2135,10565343,-6,-4,2,-1,15,-8,-18,-4,-2,-123,-54,-151,36,48,1458,-23,-2,7,454,1109,1643,-135,633,-5,17,23,-3,-48,124,-222,53,2176,946,889,919,882,1294,1628,3804,17061,64,106,1,1,1,16,443,14,1264,235,635
2136,10571252,-4,-5,2,-1,15,-8,-16,-6,-2,-123,-54,-151,36,48,1458,-23,-2,7,454,1109,1642,-135,633,-3,13,11,504,-163,118,-228,54,2172,956,886,918,889,1292,1668,3805,17060,64,106,1,1,1,16,443,14,1264,235,635
2137,10577152,-4,-5,2,-1,15,-10,-15,2,9,-45,75,-139,37,288,1458,-22,15,7,454,1111,1605,1017,-5284954,4,15,19,247,-91,115,-218,51,2174,951,887,729,943,1343,2391,3768,17059,64,106,1,1,1,16,443,14,1264,235,635
2138,10585020,-5,-4,2,-1,15,-10,-22,6,9,-45,75,-139,37,288,1458,-22,15,7,454,1111,1606,1016,-5284955,0,36,19,916,-94,134,-201,61,2167,929,883,823,916,1338,2431,3769,17060,1,14,-1,1,-5,16,443,14,1264,235,635
2139,10592887,-5,0,3,-1,15,-9,-28,17,9,-45,75,-139,37,288,1458,-22,16,7,454,1111,1606,1014,-5284955,1,7,12,40,-71,127,-185,43,2186,914,890,776,927,1336,2471,3769,17062,1,14,-1,1,-5,16,443,14,1264,235,635
2140,10600755,-4,1,3,-1,15,-9,-23,20,9,-45,75,-139,37,288,1458,-21,16,7,454,1110,1605,1013,-5284955,0,19,17,482,50,261,-176,29,2164,931,910,796,921,1334,2471,3809,17061,1,14,-1,1,-5,16,443,14,1264,235,635
2141,10608623,-4,6,1,-1,15,-8,-20,5,3,-414,55,259,351,290,1451,-21,16,7,454,1101,1615,1015,-5284915,0,16,13,261,-10,207,-185,36,2175,922,900,783,915,1333,2472,3809,17061,1,14,-1,1,-5,16,443,14,1264,235,635
2142,10616492,1,4,1,0,15,-8,-5,-2,3,-414,55,259,351,290,1451,-21,16,7,454,1101,1611,1016,-5284914,-7,21,11,477,71,255,-252,0,2199,1000,911,793,915,1338,2512,3808,17061,1,14,-1,1,-5,16,443,14,1264,235,635
2143,10624362,-4,5,1,0,15,-8,-20,2,3,-414,55,259,351,290,1451,-21,16,7,454,1100,1609,1020,-5284915,-3,27,16,378,19,216,-238,77,2218,935,845,783,906,1338,2529,3848,17060,1,14,-1,1,-5,16,443,14,1264,235,635
2144,10632232,-1,6,0,0,15,-8,-6,2,3,-414,55,259,351,290,1451,-21,16,7,455,1099,1608,1019,-5284915,-3,21,8,434,-83,253,-308,13,2183,994,911,799,910,1333,2524,3888,17060,1,14,-1,1,-5,16,443,14,1264,235,635
2145,10640102,-3,9,-1,1,15,-8,-18,13,3,-414,55,259,351,290,1452,-20,16,7,456,1100,1431,1019,-5284915,-3,27,20,386,112,154,-218,69,2200,968,863,794,904,1333,2522,3928,17061,1,14,-1,1,-5,16,443,14,1264,235,635
2368,10602666,8,1,1,0,14,-4,-6,-2,0,0,0,-187,78,50,1451,-30,2,8,452,1115,1517,-136,638,-35,2,8,-37,-3,12,-131,-19,1912,942,880,934,898,1255,1158,1240,1205,1,14,-1,1,-5,16,443,14,1264,235,635
2369,10604634,12,2,1,0,14,-4,10,-2,0,0,0,-187,78,50,1452,-30,2,8,453,1115,1515,-137,638,-27,13,-11,231,-19,50,-166,-57,1951,982,883,930,893,1255,1198,1241,1202,1,14,-1,1,-5,16,443,14,1264,235,635
2370,10606601,10,2,0,0,15,-4,6,0,0,0,0,-186,78,45,1453,-30,2,8,454,1115,1518,-137,640,-38,0,2,-68,-146,20,-112,-14,1910,936,889,928,903,1247,1238,1241,1203,1,14,-1,1,-5,16,443,14,1264,235,635
2371,10608568,8,1,0,0,16,-4,0,1,0,0,0,-186,78,45,1454,-30,3,8,455,1115,1519,-135,640,-32,4,12,170,130,68,-135,-22,1921,963,886,934,883,1245,1278,1242,1208,1,14,-1,1,-5,16,443,14,1264,235,635
2372,10610534,3,2,0,0,16,-4,-12,6,0,0,0,-181,86,45,1455,-30,3,7,456,1119,1520,-133,640,-36,6,19,40,115,-71,-109,8,1927,943,865,936,897,1242,1285,1282,1208,1,14,-1,1,-5,16,443,14,1264,235,635
2373,10612501,4,2,0,0,16,-4,-8,7,0,0,0,-181,86,45,1456,-29,3,7,457,1117,1518,291,641,-34,5,12,99,120,-276,-130,-1,1927,948,886,939,888,1242,1282,1287,1248,1,14,-1,1,-5,16,443,14,1264,235,635
2374,10610059,-5,2,-1,0,16,-4,-8,14,10,-4,98,-181,87,45,11977,-29,6,-121,457,1121,1526,279,681,-35,5,14,68,117,-176,-121,3,1927,945,907,945,859,1233,1282,1287,1250,1,14,-1,1,-5,16,443,14,1264,235,635
2375,10607618,-4,2,0,0,16,-4,-6,16,10,-4,98,-181,87,45,11978,-28,6,-121,458,1121,1526,279,681,-34,4,13,-78,156,-265,-121,2,1937,953,909,942,883,1238,1322,1286,1251,1,14,-1,1,-5,16,443,14,1264,235,635
2376,10605177,-5,2,0,0,16,-4,-8,17,10,-4,98,-181,87,45,11979,-28,6,-121,459,1121,1528,279,681,-35,-1,11,-122,298,-205,-112,5,1934,946,918,943,863,1241,1362,1286,1251,1,14,-1,1,-5,16,443,14,1264,235,635
2432,10634159,9,1,-1,2,15,-5,-6,0,0,0,0,-173,91,37,1465,-20,5,6,467,1112,1941,-136,639,-26,4,7,-21,5,12,-191,229,2140,976,897,970,936,1266,1174,1253,1235,1,14,-1,1,-5,16,443,14,1264,235,635
2433,10636127,11,0,-1,2,15,-5,-2,-3,0,0,0,-173,91,37,1466,-19,5,6,468,1107,1942,-135,639,-25,3,4,-23,-8,15,-126,267,2121,973,900,992,933,1264,1174,1260,1275,1,14,-1,1,-5,16,443,14,1264,235,635
2434,10638094,11,1,-2,2,15,-5,-6,-1,0,0,0,-173,91,37,1467,-18,5,5,468,1105,1939,-53,641,-26,4,6,-27,11,-16,-362,265,2145,974,900,972,923,1260,1177,1268,1315,1,14,-1,1,-5,16,443,14,1264,235,635
2435,10640062,11,1,-1,3,15,-5,-4,-2,0,0,0,-173,91,37,1468,-17,5,5,469,1105,1940,-51,640,-23,12,4,179,127,-128,-250,271,2133,983,900,985,926,1252,1217,1267,1313,1,14,-1,1,-5,16,443,14,1264,235,635
2436,10642030,9,2,-1,3,15,-5,-8,0,0,0,0,-173,91,37,1469,-17,6,5,470,1105,1943,-51,641,-21,9,-7,-33,-182,-33,-285,281,2126,964,886,967,932,1255,1257,1267,1313,1,14,-1,1,-5,16,443,14,1264,235,635
2437,10643999,9,2,-1,3,15,-5,-6,-1,0,0,0,-173,91,37,1470,-16,5,5,471,1105,1944,-50,640,-29,0,11,-2,22,-43,-274,275,2133,984,887,974,942,1257,1297,1266,1313,1,14,-1,1,-5,16,443,14,1264,235,635
2438,10645968,8,2,0,3,15,-5,-6,-1,0,0,0,-173,97,30,1471,-15,6,5,471,1109,1945,-49,640,-26,9,11,-19,115,62,-286,283,2131,974,882,972,927,1270,1310,1306,1314,1,14,-1,1,-5,16,443,14,1264,235,635
2439,10647936,8,3,0,3,15,-5,-7,1,0,0,0,-173,97,30,1471,-14,6,5,471,1110,1904,-48,640,-27,10,11,-14,-175,-350,-283,285,2126,986,879,973,938,1279,1305,1346,1314,1,14,-1,1,-5,16,443,14,1264,235,635
2440,10649905,8,4,0,4,15,-5,-6,2,0,0,0,-173,97,30,1471,-14,6,5,471,1110,1905,-48,639,-29,4,10,-87,1,-135,-284,283,2132,983,883,977,929,1271,1268,2594,5334140,1,14,-1,1,-5,16,443,14,1264,235,635
2441,10653842,7,3,0,4,15,-5,-7,1,0,0,0,-173,97,30,1471,-14,6,5,471,1110,1906,-47,638,-23,8,22,-80,236,-195,-282,292,2120,983,873,978,938,1277,1308,2594,5334139,1,14,-1,1,-5,16,443,14,1264,235,635
2442,10657780,6,3,0,4,15,-5,-8,-1,0,0,0,-173,97,30,1471,-14,6,5,471,1109,1909,-46,639,-26,0,18,-91,211,-382,-292,290,2132,977,876,983,931,1275,1302,2634,5334138,1,14,-1,1,-5,16,443,14,1264,235,635
2443,10661718,6,3,0,4,15,-5,-8,0,0,0,0,-168,97,30,1471,-14,6,4,471,1104,1906,-45,639,-24,4,20,-85,217,-403,-51,291,2126,975,878,982,934,1278,1299,2639,5334178,1,14,-1,1,-5,16,443,14,1264,235,635
2444,10665655,6,4,0,4,15,-5,-5,1,0,0,0,-168,97,30,1471,-14,6,4,471,1105,1788,-45,639,-25,6,17,-73,177,-447,-93,281,2117,989,887,979,932,1280,1296,2679,5334179,1,14,-1,1,-5,16,443,14,1264,235,635
2445,10669591,14,3,1,4,16,-5,-4,1,2,1,-3,-168,119,18814,5823,-14,-12026,4,471,1105,1786,-5,638,-26,5,18,-79,194,-424,-72,286,2121,982,882,980,936,1281,1296,2681,5334180,1,14,-1,1,-5,16,443,14,1264,235,635
2446,10673527,14,3,1,4,16,-5,-3,1,2,1,-3,-168,119,18814,5823,-13,-12026,4,472,1104,1785,-4,637,-25,2,15,-63,202,-540,-78,287,2121,985,882,982,936,1284,1285,2721,5334180,1,14,-1,1,-5,16,443,14,1264,235,635
2447,10677464,13,3,1,4,16,-5,-4,2,2,1,-3,-168,119,18814,5823,-12,-12026,4,473,1104,1785,-3,637,-17,7,7,85,298,-556,-72,290,2123,980,882,973,939,1284,1325,2721,5334181,1,14,-1,1,-5,16,443,14,1264,235,635
2448,10681399,13,3,2,4,16,-5,-4,2,2,1,-3,-168,119,18814,5823,-11,-12026,4,474,1104,1786,-2,637,-25,6,9,-238,20,-446,-80,290,2125,989,893,975,943,1279,1365,2722,5334182,1,14,-1,1,-5,16,443,14,1264,235,635
2560,10697145,2,-1,0,5,14,-7,-5,-1,0,0,0,-160,112,24,1476,0,8,3,477,1111,1864,-136,643,-2,9,2,-4,0,7,-13,138,2155,994,927,977,960,1313,1200,1279,1279,1,14,-1,1,-5,16,443,14,1264,235,635
2561,10699113,3,0,0,5,14,-7,-2,0,0,0,0,-160,112,24,1476,0,8,3,477,1112,1911,-136,642,-2,7,10,-12,-3,-227,19,137,2145,1005,930,980,967,1308,1198,1319,1279,1,14,-1,1,-5,16,443,14,1264,235,635
2562,10701082,3,-1,0,5,14,-7,-2,-2,0,0,0,-160,112,24,1476,1,8,3,478,1112,1911,-135,642,0,-5,12,-211,26,-102,-5,139,2151,1008,928,975,960,1311,1238,1318,1278,1,14,-1,1,-5,16,443,14,1264,235,635
2563,10703051,1,-1,0,5,14,-7,-7,1,0,0,0,-160,112,24,1476,1,8,3,478,1111,1913,-133,642,-1,5,27,-106,384,-35,-37,156,2161,995,912,980,960,1303,1235,1358,1279,1,14,-1,1,-5,16,443,14,1264,235,635
2564,10705019,0,-1,0,5,14,-7,-8,0,0,0,0,-160,112,24,1477,1,8,3,478,1110,1912,-132,642,1,-4,8,-174,-9,-373,2,150,2162,996,918,974,962,1314,1235,1398,1279,1,14,-1,1,-5,16,443,14,1264,235,635
2565,10706988,0,-1,0,5,14,-7,-6,1,0,0,0,-160,112,24,1477,1,8,3,478,1110,1913,-132,642,2,0,32,-329,391,-187,-23,144,2171,1001,921,984,969,1314,1275,1397,1281,1,14,-1,1,-5,16,443,14,1264,235,635
2566,10708957,-1,-1,0,5,14,-7,-6,1,0,0,0,-160,112,24,1477,1,8,3,478,1111,1937,-131,642,1,4,31,-251,417,-290,-2,145,2165,1002,919,982,965,1317,1278,1437,1284,1,14,-1,1,-5,16,443,14,1264,235,635
2567,10710921,-1,-1,0,5,14,-7,-7,0,0,0,0,-153,112,24,1477,1,8,3,478,1115,1938,-129,642,1,0,19,-303,116,-253,-28,148,2175,997,915,981,972,1320,1275,1477,1286,1,14,-1,1,-5,16,443,14,1264,235,635
2568,10712885,-1,-1,0,5,14,-6,-10,0,0,0,0,-153,112,24,1477,1,9,3,478,1115,1939,-129,642,1,11,40,-82,384,-153,-12,152,2165,997,911,973,966,1320,1238,2789,5365605,1,14,-1,1,-5,16,443,14,1264,235,635
2569,10716817,-1,-2,0,5,14,-6,-8,-2,0,0,0,-153,112,24,1478,1,9,3,478,1115,1939,-129,643,5,-1,33,-229,120,-320,-26,152,2169,1004,916,979,980,1326,1278,2789,5365606,1,14,-1,1,-5,16,443,14,1264,235,635
2570,10720750,-1,-2,0,5,14,-6,-7,-3,0,0,0,-153,112,24,1478,2,9,3,478,1115,1939,-129,643,0,14,26,-70,257,-174,-24,150,2172,1006,901,978,959,1326,1318,2788,5365605,1,14,-1,1,-5,16,443,14,1264,235,635
2571,10724683,-1,-2,0,5,14,-6,-7,-3,0,0,0,-153,112,24,1478,2,9,3,478,1115,1941,-129,643,4,-3,43,-167,176,-204,-16,155,2167,998,902,976,983,1337,1358,2789,5365603,1,14,-1,1,-5,16,443,14,1264,235,635
2572,10728615,-2,-2,0,5,13,-6,-7,-3,0,0,0,-153,118,24,1478,3,9,3,478,1115,1943,-129,644,4,11,29,-100,241,-258,-17,159,2164,1001,901,977,965,1343,1398,2789,5365603,1,14,-1,1,-5,16,443,14,1264,235,635
2573,10732547,-2,-2,-1,5,13,-6,-4,0,0,0,0,-153,118,24,1479,3,9,3,478,1114,1944,-129,644,5,2,44,-142,261,-315,1,159,2158,1008,904,976,974,1340,1409,2829,5365604,1,14,-1,1,-5,16,443,14,1264,235,635
2574,10736478,-3,-3,-2,5,13,-5,-4,-2,0,0,0,-153,118,24,1480,3,9,3,479,1114,1944,-129,645,6,-11,56,-471,357,-291,-12,163,2162,1014,904,971,977,1334,1449,2829,5365603,1,14,-1,1,-5,16,443,14,1264,235,635
2575,10740410,-4,-3,-2,5,13,-5,-5,-2,0,0,0,-153,118,24,1480,3,9,3,480,1114,1946,-129,645,10,16,32,-17,329,-295,5,170,2158,1005,913,976,986,1331,1489,2828,5365601,1,14,-1,1,-5,16,443,14,1264,235,635
2576,10744342,-5,-4,-2,4,13,-5,-4,-4,0,0,0,-153,118,24,1480,3,9,3,481,1114,1947,-129,646,3,-13,48,-616,197,-298,-4,176,2155,1012,906,973,989,1325,1452,4172,-14465,1,14,-1,1,-5,16,443,14,1264,235,635
2577,10750242,-5,-5,-2,4,13,-5,-2,-6,0,0,0,-153,118,24,1480,3,9,4,482,1109,1945,-128,646,7,1,35,-328,276,-295,258,254,2148,1012,908,981,987,1325,1449,4172,-14425,1,14,-1,1,-5,16,443,14,1264,235,635
2578,10756142,-6,-5,-2,4,13,-5,-4,-6,0,0,0,-153,118,24,1480,3,9,4,482,1108,1947,-127,646,5,0,53,-478,442,-586,1,217,2152,1014,905,982,986,1325,1441,4212,-14424,1,14,-1,1,-5,16,443,14,1264,235,635
2579,10762041,-8,-4,-3,4,13,-4,-8,-4,0,0,0,-153,118,24,1480,3,9,4,482,1108,1949,-127,646,0,-12,44,-553,541,-337,143,243,2141,1002,892,981,989,1336,1481,4213,-14424,1,14,-1,1,-5,16,443,14,1264,235,635
2580,10767939,-8,-2,-3,4,13,-4,-7,-1,0,0,0,-153,118,24,1481,3,9,4,482,1108,1949,-127,647,9,3,58,-505,647,-400,76,223,2153,1006,895,986,992,1338,1521,4213,-14423,1,14,-1,1,-5,16,443,14,1264,235,635
2581,10773837,-7,-3,-4,4,13,-4,-5,-3,0,0,0,-153,118,24,1481,3,8,4,482,1108,1948,-126,647,0,-6,39,-493,456,-397,94,233,2148,1020,887,988,976,1327,1561,4214,-14421,1,14,-1,1,-5,16,443,14,1264,235,635
2582,10779734,-7,-3,-4,4,13,-4,-6,-4,0,0,0,-152,118,24,1481,2,8,5,482,1112,1949,-126,647,4,0,43,-494,368,-253,183,228,2148,1018,889,993,974,1330,1561,4254,-14421,1,14,-1,1,-5,16,443,14,1264,235,635
2583,10785632,-9,-3,-4,4,13,-4,-8,-4,0,0,1,-152,118,24,1481,2,8,5,482,1111,1948,-125,647,3,-3,49,-485,567,-451,43,238,2161,1008,879,990,970,1324,1559,4294,-14422,1,14,-1,1,-5,16,443,14,1264,235,635
2584,10791530,-9,-3,-4,4,13,-4,-7,-4,0,0,1,-152,118,24,1481,2,8,5,482,1111,1948,-125,647,3,-8,30,-566,465,-331,110,227,2161,1016,870,991,966,1322,1522,5670,5381390,1,14,-1,1,-5,16,443,14,1264,235,635
2585,10799396,-9,-3,-4,4,13,-3,-7,-6,0,0,0,-152,118,24,1481,2,8,5,482,1111,1948,-124,646,2,-8,54,-473,413,-377,71,235,2158,1016,883,982,968,1317,1562,5670,5381388,1,14,-1,1,-5,16,443,14,1264,235,635
2586,10807262,-10,-3,-4,3,13,-3,-8,-5,0,0,0,-152,118,24,1481,2,8,6,482,1111,1949,-124,647,2,-8,32,-539,450,-365,101,237,2153,1006,873,976,978,1323,1602,5671,5381387,1,14,-1,1,-5,16,443,14,1264,235,635
2587,10815127,-8,-3,-5,3,13,-3,-6,-4,0,0,0,-152,118,23,1481,2,7,6,482,1110,1945,-125,647,3,-12,43,-507,425,-451,96,233,2148,1017,884,967,960,1328,1602,5711,5381387,1,14,-1,1,-5,16,443,14,1264,235,635
2588,10822993,-9,-3,-5,3,13,-3,-7,-4,0,0,0,-152,118,23,1481,1,7,5,482,1110,1945,-125,647,6,-10,47,-413,781,-502,101,238,2146,1010,875,971,972,1334,1642,5710,5381386,1,14,-1,1,-5,16,443,14,1264,235,635
2589,10830859,-10,-3,-6,3,13,-3,-8,-4,0,0,0,-152,118,23,1481,1,7,5,482,1110,1946,-125,648,5,-7,31,-459,493,-441,104,240,2139,1010,888,972,966,1339,1682,5711,5381387,1,14,-1,1,-5,16,443,14,1264,235,635
2590,10838724,-10,-4,-6,3,13,-3,-8,-6,0,0,0,-152,118,23,1481,1,7,5,482,1110,1946,-124,646,1,-12,50,-541,356,-422,95,243,2139,1017,890,968,966,1353,1722,5711,5381387,1,14,-1,1,-5,16,443,14,1264,235,635
2591,10846590,-10,-3,-6,2,13,-3,-7,-7,0,0,0,-152,118,23,1481,1,7,5,482,1109,1948,-124,646,4,-2,43,-496,552,75,42,240,2135,1017,889,973,976,1359,1719,5751,5381386,1,14,-1,1,-5,16,443,14,1264,235,635
2592,10854456,-8,-3,-6,2,13,-3,-3,-8,0,0,0,-152,118,23,1481,1,7,5,482,1109,1946,-124,646,-2,-4,26,-519,22,-171,55,230,2144,1027,889,976,966,1348,1682,7159,-30173,1,14,-1,1,-5,16,443,14,1264,235,635
2593,10864290,-9,-3,-6,2,13,-3,-5,-8,0,0,0,-152,118,23,1481,0,7,5,481,1109,1947,-124,646,2,-12,52,-644,410,-47,51,243,2128,1016,889,979,980,1348,1722,7162,-30173,1,14,-1,1,-5,16,443,14,1264,235,635
2594,10874118,-8,-4,-6,2,13,-3,-2,-9,0,0,0,-160,118,22,1480,0,7,5,480,1113,1948,-125,646,0,-9,51,-595,265,-481,119,226,2126,1027,895,983,959,1353,1733,7202,-30168,1,14,-1,1,-5,16,443,14,1264,235,635
2595,10883944,-9,-4,-6,2,13,-3,-1,-9,0,0,0,-160,118,22,1479,-1,7,5,479,1113,1948,-126,647,1,-20,48,-818,454,-313,85,233,2125,1019,898,978,966,1344,1773,7202,-30170,1,14,-1,1,-5,16,443,14,1264,235,635
2596,10893772,-10,-4,-6,2,13,-3,-2,-10,0,0,0,-160,118,22,1478,-2,7,5,478,1113,1949,-125,647,-3,-8,69,-543,374,-370,107,238,2114,1018,896,988,967,1341,1813,7201,-30171,1,14,-1,1,-5,16,443,14,1264,235,635
2597,10903599,-8,-4,-6,2,13,-3,0,-9,0,0,0,-160,118,22,1478,-3,7,5,478,1112,1950,-126,647,-1,-14,54,-710,250,-559,40,229,2110,1025,900,989,972,1341,1816,7241,-30171,1,14,-1,1,-5,16,443,14,1264,235,635
2598,10913427,-8,-4,-6,2,13,-3,0,-9,0,0,0,-160,118,22,1478,-3,7,5,478,1112,1949,-126,647,-5,-11,86,-720,426,-460,68,232,2112,1024,904,980,961,1333,1856,7240,-30172,1,14,-1,1,-5,16,443,14,1264,235,635
2599,10923255,-8,-3,-6,2,13,-3,0,-9,0,0,0,-169,118,22,1477,-4,7,5,477,1116,1950,-126,647,-3,-9,75,-723,462,-475,69,233,2111,1023,898,981,971,1324,1867,7280,-30171,1,14,-1,1,-5,16,443,14,1264,235,635
2600,10933082,-7,-3,-6,1,13,-3,2,-9,0,0,0,-169,118,22,1476,-4,7,5,476,1115,1953,-127,647,-4,-13,77,-729,238,-530,-24,220,2104,1028,909,974,961,1327,1876,7243,-28731,1,14,-1,1,-5,16,443,14,1264,235,635
2601,10944877,-6,-4,-6,1,13,-3,3,-11,0,0,0,-169,118,22,1475,-4,7,5,476,1114,1952,-128,648,-3,-11,81,-708,511,-239,145,215,2106,1023,910,965,968,1329,1873,7283,-28730,1,14,-1,1,-5,16,443,14,1264,235,635
2602,10956671,-6,-4,-6,1,13,-3,4,-11,0,0,0,-169,118,22,1474,-4,7,5,475,1115,1675,-129,648,-3,-9,74,-731,351,-424,42,212,2097,1028,910,972,959,1323,1873,7323,-28730,1,14,-1,1,-5,16,443,14,1264,235,635
2603,10968466,-8,-4,-6,1,13,-3,3,-11,0,0,0,-169,118,22,1473,-4,7,5,474,1115,1675,-129,648,-9,-3,77,-638,533,-261,100,224,2088,1015,913,968,952,1312,1913,7322,-28732,1,14,-1,1,-5,16,443,14,1264,235,635
2604,10980261,-7,-3,-6,1,13,-3,2,-8,0,0,0,-180,118,22,1473,-5,7,5,473,1119,1676,-129,647,-6,-5,64,-670,365,-396,-6,225,2090,1021,901,978,965,1307,1902,7362,-28731,1,14,-1,1,-5,16,443,14,1264,235,635
2605,10992055,-6,-3,-7,1,13,-3,4,-7,0,0,0,-180,118,22,1472,-5,6,5,473,1118,1675,-131,647,-7,-5,81,-676,587,-312,47,217,2079,1025,915,973,955,1298,1894,7402,-28731,1,14,-1,1,-5,16,443,14,1264,235,635
2606,11003850,-7,-3,-8,1,13,-3,2,-5,0,0,0,-180,118,22,1472,-5,6,5,473,1117,1674,-131,647,-5,-8,66,-659,380,-417,-11,228,2089,1016,901,975,950,1298,1899,7442,-28732,1,14,-1,1,-5,16,443,14,1264,235,635
2607,11015645,-8,-3,-7,1,13,-3,1,-5,0,0,0,-180,118,22,1472,-5,6,5,472,1118,1863,-132,648,-7,-4,72,-663,348,-290,34,222,2086,1016,904,969,950,1301,1894,7482,-28732,1,14,-1,1,-5,16,443,14,1264,235,635
2608,11027441,-8,-3,-7,1,13,-3,2,-4,0,0,0,-180,118,22,1471,-5,6,5,471,1118,1862,-132,649,-4,6,50,-380,259,-364,1,217,2087,1020,902,980,939,1301,1857,8954,-5471785,1,14,-1,1,-5,16,443,14,1264,235,635
2609,11041206,-7,-3,-6,1,13,-3,4,-4,0,0,0,-180,117,22,1470,-5,6,5,470,1122,1863,-133,649,-6,-7,50,-497,7,-429,19,210,2083,1020,907,968,937,1293,1870,8994,-5471786,1,14,-1,1,-5,16,443,14,1264,235,635
2610,11054971,-7,-3,-6,1,13,-3,4,-3,0,0,0,-180,117,22,1469,-6,6,5,469,1122,1862,-133,649,1,6,36,-321,238,-413,12,211,2083,1015,898,969,932,1282,1910,8994,-5471787,9,2,0,-2,-1,16,443,14,1264,235,635
2611,11068737,-6,-2,-6,0,13,-3,6,-3,0,0,0,-187,112,21,1468,-7,6,5,468,1122,1860,-133,650,-3,5,39,-381,-227,-450,11,202,2086,1016,899,974,929,1280,1950,8993,-5471789,9,2,0,-2,-1,16,443,14,1264,235,635
