loopIteration,time,axisP[0],axisP[1],axisP[2],axisI[0],axisI[1],axisI[2],axisD[0],axisD[1],axisD[2],axisF[0],axisF[1],axisF[2],rcCommand[0],rcCommand[1],rcCommand[2],rcCommand[3],setpoint[0],setpoint[1],setpoint[2],setpoint[3],vbatLatest,amperageLatest,baroAlt,rssi,gyroADC[0],gyroADC[1],gyroADC[2],gyroUnfilt[0],gyroUnfilt[1],gyroUnfilt[2],accSmooth[0],accSmooth[1],accSmooth[2],motor[0],motor[1],motor[2],motor[3],eRPM[0],eRPM[1],eRPM[2],eRPM[3],flightModeFlags,stateFlags,failsafePhase,rxSignalReceived,rxFlightChannelsValid,GPS_numSat,GPS_coord[0],GPS_coord[1],GPS_altitude,GPS_speed,GPS_ground_course
0,7343660,2,15,-3,0,0,0,1,2,-6,0,0,0,1,0,-3,1000,1,10,0,0,1242,229,-321,697,0,0,4,0,-1,3,55,13,2051,261,158,239,206,340,244,345,259,,,,,,,,,,,
1,7345628,1,16,-4,0,0,0,-1,3,-3,0,0,0,1,0,-3,1000,1,10,0,0,1242,230,-321,696,0,0,0,16,-2,8,49,13,2040,240,154,241,203,336,284,346,259,3,0,0,1,1,,,,,,
8,1,-1,1,40,-1,1,-1,3,0,2,-2,2,0,0,0,0,0,-1,1,0,0,1239,0,1,0,14,-20,2,-33,15,16,-13,2,-1,160,162,200,160,0,1,0,0,3,0,0,1,1,,,,,,
9,1,0,1,37,-1,1,-1,4,0,-3,-2,2,0,0,0,0,0,-1,1,0,0,1238,1,0,1,19,-21,3,-31,-12,18,-26,24,-9,151,205,198,161,1,-1,40,1,3,0,0,1,1,,,,,,
10,0,-2,1,40,-1,1,-1,-1,2,2,-2,2,0,0,0,0,0,-1,1,0,0,1238,2,-1,-3,17,-22,-2,-28,2,11,-23,29,-6,113,180,197,158,1,39,41,-1,3,0,0,1,1,,,,,,
11,-2,-1,2,39,-1,1,-1,3,3,-3,-2,2,0,0,0,0,0,-1,1,0,0,1238,2,-1,0,16,-21,7,0,-1,7,-18,4,-8,132,190,194,157,0,79,41,1,3,0,0,1,1,,,,,,
12,-4,1,0,36,-1,1,-1,5,-2,-2,-2,2,0,0,0,0,0,-1,1,0,0,1238,0,-1,1,16,-21,-2,-36,4,15,-29,11,-5,165,190,199,158,-2,119,42,0,3,0,0,1,1,,,,,,
13,-7,0,0,42,-1,1,-1,1,-1,3,-2,2,0,0,0,0,0,-1,1,0,0,1237,2,0,2,10,-20,3,-19,1,-3,-23,-14,36,153,146,199,155,1,123,82,0,3,0,0,1,1,,,,,,
14,-9,-1,0,38,-1,1,-1,1,1,-5,-2,2,0,0,0,0,0,-1,1,0,0,1236,0,1,2,19,-20,-1,-20,8,31,-21,30,-24,128,168,193,156,1,123,45,32,3,0,0,1,1,,,,,,
15,1957,0,0,37,-1,1,-1,4,0,-1,-2,2,0,0,0,0,0,-1,1,0,0,1236,-1,1,-1,14,-20,-6,-14,-5,18,-36,8,21,147,157,198,154,-2,163,46,33,3,0,0,1,1,,,,,,
16,3922,0,-1,41,-1,1,-1,3,-3,2,-2,2,0,0,0,0,0,-1,1,0,0,1236,-2,1,-6,15,-20,-3,-28,-23,25,-78,34,-7,106,166,193,157,2,203,46,33,3,0,0,1,1,121,0,0,-27,14,0
17,5888,0,-1,39,-1,1,-1,3,-2,-3,-2,2,0,0,0,0,0,-1,1,0,0,1235,1,1,-6,18,-18,-3,-18,-26,34,-52,42,-7,113,175,189,154,2,202,86,33,3,0,0,1,1,121,0,0,-27,14,0
18,7852,0,0,38,-1,1,-1,2,-1,-1,-2,2,0,0,0,0,0,-1,1,0,0,1234,-2,2,-6,16,-18,-4,-26,-9,36,-61,55,-7,110,162,187,155,-2,199,126,34,3,0,0,1,1,121,0,0,-27,14,0
19,9817,2,0,39,-1,1,-1,5,-2,0,-2,2,0,0,0,0,0,-1,1,0,0,1234,-3,1,-7,15,-18,-1,-8,-28,27,-76,46,7,111,170,187,151,-2,239,125,35,3,0,0,1,1,121,0,0,-27,14,0
20,11782,3,-1,38,-1,1,-1,5,-4,-1,-2,2,0,0,0,0,0,-1,1,0,0,1234,-4,2,-6,15,-18,-4,-42,-14,20,-76,50,-8,130,165,185,153,-4,279,126,33,3,0,0,1,1,121,0,0,-27,14,0
21,13746,2,-1,40,-1,1,-1,0,-4,0,-2,2,0,0,0,0,0,-1,1,0,0,1234,-3,2,-8,16,-20,-2,-21,-19,26,-58,71,-5,97,165,185,152,-2,319,126,31,3,0,0,1,1,121,0,0,-27,14,0
22,15711,3,0,39,-1,1,-1,4,-3,-3,-2,2,0,0,0,0,0,-1,1,0,0,1233,-5,2,-9,18,-21,-3,-26,-7,25,-59,61,-35,110,167,185,151,-4,318,89,95,3,0,0,1,1,121,0,0,-27,14,0
23,19644,3,-1,38,-1,1,-1,5,-6,-1,-2,2,0,0,0,0,0,-1,1,0,0,1233,-5,3,-10,17,-20,-7,-26,-26,28,-85,66,-33,104,170,187,150,-6,358,89,95,3,0,0,1,1,121,0,0,-27,14,0
24,23578,2,0,42,-1,1,-1,1,-6,1,-2,2,0,0,0,0,0,-1,1,0,0,1233,-4,3,-14,17,-19,-3,-21,-33,27,-81,90,-27,75,170,184,153,-2,398,88,94,3,0,0,1,1,121,0,0,-27,14,0
25,27513,1,0,38,-1,1,-1,2,-6,-5,-2,2,0,0,0,0,0,-1,1,0,0,1233,-3,3,-9,17,-19,0,-37,-4,32,-65,49,-62,93,166,185,152,-3,438,87,95,3,0,0,1,1,121,0,0,-27,14,0
26,31448,1,0,37,-1,1,-1,4,-6,-1,-2,2,0,0,0,0,0,-1,1,0,0,1233,-3,3,-10,17,-20,-6,-16,-28,13,-75,69,-34,96,169,187,150,-5,478,87,95,3,0,0,1,1,121,0,0,-27,14,0
27,35384,2,0,39,-1,1,-1,6,-7,1,-2,2,0,0,0,0,0,-1,1,0,0,1232,0,2,-10,15,-20,-3,-24,-10,5,-70,26,-47,102,149,188,150,-6,481,127,94,3,0,0,1,1,121,0,0,-27,14,0
28,39320,1,-1,37,-1,1,-1,3,-9,-2,-2,2,0,0,0,0,0,-1,1,0,0,1231,-2,3,-10,18,-20,-4,-20,-31,20,-73,62,-40,80,172,184,149,-4,481,167,94,3,0,0,1,1,121,0,0,-27,14,0
29,43257,0,-2,38,-1,1,-1,1,-8,1,-2,2,0,0,0,0,0,-1,1,0,0,1231,-1,4,-12,17,-20,-4,-15,-20,24,-57,64,-36,82,157,186,147,-4,521,166,94,3,0,0,1,1,121,0,0,-27,14,0
30,47194,1,-2,36,-1,1,-1,5,-8,-1,-2,2,0,0,0,0,0,-1,1,0,0,1233,-10,3,-13,19,-21,-5,-13,-16,22,-73,62,-57,89,177,186,148,-7,520,129,190,3,0,0,1,1,121,0,0,-27,14,0
31,53099,3,-2,36,-1,1,-1,7,-10,1,-2,2,0,0,0,0,0,-1,1,0,0,1233,-11,3,-15,20,-20,-10,-18,-30,21,-76,63,-39,89,169,186,149,-10,560,129,189,3,0,0,1,1,121,0,0,-27,14,0
2,57,-46,1,0,1,2,40,0,-3,0,3,0,-6,0,1,0,0,0,0,0,0,1242,1,-3,2,0,3,0,0,4,12,43,-2,-24,162,160,166,166,80,2,0,2,3,0,0,1,1,121,0,0,-27,14,0
3,56,-46,1,-3,1,2,40,3,-2,-6,3,0,-6,0,1,0,0,0,0,0,0,1242,1,-3,7,-2,2,5,-9,29,13,54,-40,-41,175,159,168,166,79,42,0,3,3,0,0,1,1,121,0,0,-27,14,0
4,56,-45,1,-4,1,2,40,4,-2,-2,3,0,-6,0,1,0,0,0,0,0,0,1242,1,-3,5,0,3,-5,9,-1,16,43,-21,-15,178,162,170,165,78,82,-1,3,3,0,0,1,1,121,0,0,-27,14,0
0,12,-39,3,-1,-1,0,40,0,0,0,4,0,-3,-1,2,0,0,0,0,0,0,1246,0,-4,0,0,2,4,-12,5,-13,26,12,-25,164,162,164,169,80,0,1,2,3,0,0,1,1,121,0,0,-27,14,0
1,13,-40,2,-3,-1,0,40,-1,-1,-5,4,0,-3,-1,2,0,0,0,0,0,0,1244,1,261,1,0,6,4,-12,7,-34,46,19,-22,141,120,164,167,81,3,1,42,3,0,0,1,1,121,0,0,-27,14,0
2,14,-40,3,-3,-1,0,40,0,0,-2,4,0,-3,-1,2,0,0,0,0,0,0,1243,2,261,1,-1,4,5,-16,10,-25,18,15,-23,156,140,164,168,79,1,41,43,3,0,0,1,1,121,0,0,-27,14,0
3,14,-39,4,-2,-1,0,40,2,2,-2,4,0,-3,-1,2,0,0,0,0,0,0,1243,2,260,0,-2,4,6,-3,-7,-31,33,16,13,153,130,163,162,78,-36,169,-3734773,3,0,0,1,1,121,0,0,-27,14,0
4,1983,-39,4,-2,-1,0,40,1,0,-2,4,0,-3,-1,2,0,0,0,0,0,0,1243,2,261,1,1,4,2,-19,3,-35,19,15,-20,155,133,163,165,76,4,168,-3734775,3,0,0,1,1,121,0,0,-27,14,0
5,3952,-41,5,-1,-1,0,40,-3,0,-1,4,0,-3,-1,2,0,0,0,0,0,0,1243,3,261,0,1,4,6,-7,1,-24,44,47,-9,143,130,162,164,76,44,169,-3734774,3,0,0,1,1,121,0,0,-27,14,0
6,5920,-39,6,-3,-1,0,40,2,2,-3,4,0,-3,-1,2,0,0,0,0,0,0,1241,4,26,-1,1,6,3,-12,7,-27,47,29,-9,122,149,185,163,76,42,168,-3734734,3,0,0,1,1,121,0,0,-27,14,0
7,7889,-35,3,-5,-1,0,40,2,2,-3,4,-1,-4,-1,2,0,0,0,0,0,0,1241,4,26,-1,0,5,3,-9,3,-31,56,25,-15,128,139,182,167,77,43,167,-3734736,3,0,0,1,1,121,0,0,-27,14,0
8,9859,-36,3,-2,-1,0,40,-2,1,1,4,-1,-4,-1,2,0,0,0,0,0,0,1240,2,27,-1,-4,6,3,-14,15,-56,52,-4,-8,102,98,185,165,79,44,207,-3734737,3,0,0,1,1,121,0,0,-27,14,0
9,11829,-36,2,-2,-1,0,40,-2,0,-3,4,-1,-4,-1,2,0,0,0,0,0,0,1240,2,27,0,-1,5,8,-27,22,-36,56,14,-18,115,119,182,168,81,84,208,-3734737,3,0,0,1,1,121,0,0,-27,14,0
10,13798,-36,1,-5,-1,0,40,0,0,-5,4,-1,-4,-1,2,0,0,0,0,0,0,1240,2,28,3,-2,6,3,-37,44,-45,69,-7,-19,139,109,186,167,79,124,208,-3734736,3,0,0,1,1,121,0,0,-27,14,0
11,15768,-36,2,-3,-1,0,40,0,4,-1,4,-1,-4,-1,2,0,0,0,0,0,0,1240,2,27,-1,-2,5,3,-15,7,-36,46,3,-3,95,114,183,163,79,164,207,-3734736,3,0,0,1,1,121,0,0,-27,14,0
320,7501124,3,17,2,0,0,0,3,3,1,0,0,0,1,0,-3,1000,1,10,0,0,1244,235,-330,698,-1,-1,0,0,0,2,80,-13,2057,225,158,255,171,337,237,333,253,3,0,0,1,1,121,0,0,-27,14,0
321,7503093,2,15,0,0,0,0,0,-1,-2,0,0,0,1,0,-3,1000,1,10,0,0,1244,235,-329,699,-2,0,0,-11,17,-9,74,-13,2023,231,157,254,174,336,277,332,252,3,0,0,1,1,121,0,0,-27,14,0
322,7505062,1,14,1,0,0,0,-2,-1,1,0,0,0,1,0,-3,1000,1,10,0,0,1248,236,-328,700,-3,1,-1,-5,4,3,71,-15,2054,222,144,252,171,337,275,372,252,3,0,0,1,1,121,0,0,-27,14,0
323,7507031,2,15,0,0,0,0,3,3,-1,0,0,0,1,0,-3,1000,1,10,0,0,1248,234,-328,701,-2,0,4,3,6,-12,88,-27,2074,247,148,253,166,336,315,373,254,3,0,0,1,1,121,0,0,-27,14,0
324,7508999,1,14,0,0,0,0,0,0,0,0,0,0,1,0,-3,1000,1,10,0,0,1247,230,-328,700,-1,0,1,-7,8,-13,86,-24,2064,223,144,253,168,337,313,413,254,3,0,0,1,1,121,0,0,-27,14,0
325,7510968,-1,12,2,0,0,0,-4,-2,1,0,0,0,1,0,-3,1000,1,10,0,0,1245,233,-399,701,-1,-2,3,-1,9,-15,85,-30,2063,270,132,237,170,336,318,417,294,79,4,0,0,1,121,0,0,-27,14,0
326,7512937,0,11,-1,0,0,0,0,-1,-3,0,0,0,1,0,-3,1000,1,10,0,0,1245,232,-398,704,-2,-2,4,-25,22,-4,88,-58,2056,267,137,246,169,335,358,417,296,79,4,0,0,1,121,0,0,-27,14,0
327,7514907,-1,11,0,0,0,0,0,1,1,0,0,0,1,0,-3,1000,1,10,0,0,1245,231,-398,703,0,-1,-2,4,8,-4,91,-44,2077,266,133,243,165,333,398,416,296,79,4,0,0,1,121,0,0,-27,14,0
328,7516877,-2,10,3,0,0,0,-1,-1,2,0,0,0,1,0,-3,1000,1,10,0,0,1245,231,-399,699,-2,-1,4,4,-3,6,83,-25,2079,249,139,242,167,338,361,608,-3766013,79,4,0,0,1,121,0,0,-27,14,0
329,7520815,-1,8,0,0,0,0,0,-4,-3,0,0,0,1,0,-3,1000,1,10,0,0,1240,233,-398,699,-1,2,1,5,2,-18,111,-38,2077,244,110,260,165,339,365,607,-3765973,79,4,0,0,1,121,0,0,-27,14,0
330,7524754,-1,8,0,0,0,0,-1,-1,1,0,0,0,1,0,-3,1000,1,10,0,0,1241,210,-397,700,-2,1,2,1,-4,-10,97,-35,2079,245,105,249,166,337,363,647,-3765974,79,4,0,0,1,121,0,0,-27,14,0
331,7528693,0,9,0,0,0,0,1,2,-1,0,0,0,1,0,-3,1000,1,10,0,0,1241,209,-398,700,-1,0,4,29,-6,-16,121,-44,2111,246,105,253,161,338,403,647,-3765974,79,4,0,0,1,121,0,0,-27,14,0
332,7532633,0,9,-2,0,0,0,0,-1,-1,0,0,0,1,0,-3,1000,1,10,0,0,1241,208,-398,702,-1,1,0,10,-4,-24,112,-39,2088,263,107,251,165,337,443,646,-3765974,79,4,0,0,1,121,0,0,-27,14,0
333,7536573,-2,8,0,0,0,0,-3,-4,1,0,0,0,1,0,-3,1000,1,10,0,0,1240,210,-397,704,-3,1,3,20,-12,-24,128,-65,2128,226,87,254,162,340,443,686,-3765972,79,4,0,0,1,121,0,0,-27,14,0
334,7540510,-1,9,-2,0,0,0,0,1,-3,0,0,0,1,0,-3,1000,1,10,0,0,1240,209,-398,706,-4,0,5,8,4,-22,147,-80,2132,258,94,252,158,338,483,687,-3765971,79,4,0,0,1,121,0,0,-27,14,0
335,7544448,-1,10,-2,0,0,0,0,1,0,0,0,0,1,0,-3,1000,1,10,0,0,1241,338,-399,705,-4,2,2,8,20,-36,125,-61,2130,258,98,252,161,336,481,727,-3765964,79,4,0,0,1,121,0,0,-27,14,0
336,7548370,-2,8,2,0,0,0,-2,-3,2,0,0,0,1,0,-3,1000,1,10,0,0,1241,338,-398,701,-5,2,4,14,-4,-33,108,-43,2122,240,101,251,161,340,444,951,16091,79,4,0,0,1,121,0,0,-27,14,0
339,234,169,126,40,1968,1,0,-3,0,1,0,-5,0,0,0,0,0,0,0,0,3,1246,0,1,51,16,6,9,-18,-9,20,-1,0,2,158,198,158,158,0,5,0,4,79,4,0,0,1,121,0,0,-27,14,0
340,234,169,127,41,1968,1,0,-4,4,5,0,-5,0,0,0,0,0,0,0,0,3,1245,1,1,50,15,7,8,-23,-4,15,7,11,2,177,186,156,159,-4,3,40,5,79,4,0,0,1,121,0,0,-27,14,0
341,233,169,128,43,1968,1,0,-3,6,4,0,-5,0,0,0,0,0,0,0,0,3,1244,-2,1,48,15,6,7,-15,17,8,8,21,9,195,183,158,156,-6,6,80,5,79,4,0,0,1,121,0,0,-27,14,0
342,233,169,127,40,1968,1,0,-3,1,2,0,-5,0,0,0,0,0,0,0,0,3,1244,-3,2,51,15,7,7,-35,21,5,-5,10,-26,216,187,157,160,-8,46,79,4,79,4,0,0,1,121,0,0,-27,14,0
343,233,168,126,42,1968,1,0,-5,1,6,0,-5,0,0,0,0,0,0,0,0,3,1244,-3,3,48,16,6,6,-39,-3,-13,-25,26,-22,173,186,157,158,-7,86,79,4,79,4,0,0,1,121,0,0,-27,14,0
344,234,167,127,41,1968,1,0,-5,6,3,0,-5,0,0,0,0,0,0,0,0,3,1243,-2,4,47,16,5,5,-31,23,6,-4,55,-30,219,186,152,159,-12,87,119,3,79,4,0,0,1,121,0,0,-27,14,0
345,235,168,126,39,1968,1,0,-3,3,3,0,-5,0,0,0,0,0,0,0,0,3,1242,-6,4,46,18,5,6,-41,25,-1,-11,49,-31,199,213,154,160,-13,85,159,4,79,4,0,0,1,121,0,0,-27,14,0
346,235,167,125,42,1968,1,0,-6,0,6,0,-5,0,0,0,0,0,0,0,0,3,1242,-6,4,42,17,5,4,-44,8,-3,-43,76,-44,181,203,152,161,-10,48,415,3797805,79,4,0,0,1,121,0,0,-27,14,0
347,2203,167,126,40,1968,1,0,-4,2,2,0,-5,0,0,0,0,0,0,0,0,3,1242,-6,4,44,17,4,7,-46,20,-3,-18,40,-44,196,205,152,158,-11,88,416,3797805,79,4,0,0,1,121,0,0,-27,14,0
348,4160,184,150,36,1968,2,-2,-7,0,42,-1,-5,2,0,0,0,0,0,0,0,3,1244,-4,4,44,17,4,5,-45,14,-3,-30,58,-45,184,222,161,167,17,88,438,3797809,79,4,0,0,1,121,0,0,-27,14,0
349,6117,183,151,38,1968,2,-2,-9,2,46,-1,-5,2,0,0,0,0,0,0,0,3,1244,-3,3,42,18,3,5,-13,6,4,-16,59,-25,167,214,156,162,17,128,439,3797810,79,4,0,0,1,121,0,0,-27,14,0
350,8073,184,151,38,1968,2,-2,-6,-2,43,-1,-5,2,0,0,0,0,0,0,0,3,1248,-2,2,43,18,3,7,-26,5,4,-26,27,-48,161,229,161,163,18,128,479,3797810,79,4,0,0,1,121,0,0,-27,14,0
351,10030,183,151,37,1968,2,-2,-8,-2,43,-1,-5,2,0,0,0,0,0,0,0,3,1248,-2,3,43,18,3,1,-43,6,5,-24,43,-66,162,219,159,163,17,168,480,3797810,79,4,0,0,1,121,0,0,-27,14,0
352,11983,182,152,39,1968,2,-2,-8,3,45,-1,-5,2,0,0,0,0,0,0,0,3,1247,-1,4,42,16,3,2,-33,26,2,-31,67,-34,207,215,158,163,14,170,520,3797812,79,4,0,0,1,121,0,0,-27,14,0
353,13937,182,153,36,1968,2,-2,-6,3,41,-1,-5,2,0,0,0,0,0,0,0,3,1245,-3,52,41,16,6,0,-38,18,13,-19,53,-35,166,219,179,163,15,169,518,3797852,79,4,0,0,1,121,0,0,-27,14,0
354,15891,182,151,36,1968,2,-2,-7,-2,44,-1,-5,2,0,0,0,0,0,0,0,3,1245,-3,54,39,17,5,-6,-43,13,8,-66,60,-66,177,220,168,166,13,209,519,3797851,79,4,0,0,1,121,0,0,-27,14,0
355,19813,182,153,35,1968,2,-2,-6,3,40,-1,-5,2,0,0,0,0,0,0,0,3,1245,-3,53,41,15,4,-1,-45,28,4,-22,32,-45,171,214,172,160,14,249,520,3797851,79,4,0,0,1,1,0,-1,-37,576,7627095
356,23736,183,154,33,1968,2,-2,-5,4,41,-1,-5,2,0,0,0,0,0,0,0,3,1245,-3,52,43,17,2,-7,-17,12,-3,-10,44,-32,199,215,171,163,12,289,516,3797851,79,4,0,0,1,1,0,-1,-37,576,7627095
357,27661,183,153,36,1968,2,-2,-6,1,44,-1,-5,2,0,0,0,0,0,0,0,3,1245,-3,53,40,16,4,-3,-17,2,-11,-58,51,-50,160,219,170,164,14,329,517,3797851,79,4,0,0,1,1,0,-1,-37,576,7627095
358,31585,183,153,35,1968,2,-2,-5,2,40,-1,-5,2,0,0,0,0,0,0,0,3,1244,0,52,41,18,3,-4,-16,-29,-3,-25,50,-51,169,234,170,162,14,328,557,3797851,79,4,0,0,1,51,-9,1,-1,2,4
359,35510,182,154,35,1968,2,-2,-8,6,41,-1,-5,2,0,0,0,0,0,0,0,3,1244,1,51,41,19,1,-6,-4,-13,8,-16,52,-46,146,222,170,160,12,368,557,3797850,79,4,0,0,1,51,-9,1,-1,2,4
360,39433,183,155,36,1968,2,-2,-4,6,41,-1,-5,2,0,0,0,0,0,0,0,3,1244,0,50,41,18,2,-1,5,-14,1,-24,43,-33,157,229,169,159,12,408,559,3797851,79,4,0,0,1,51,-9,1,-1,2,4
361,43357,184,153,35,1968,2,-2,-2,2,40,-1,-5,2,0,0,0,0,0,0,0,3,1244,-1,51,43,17,3,-4,-12,-15,-2,-34,46,-56,184,228,172,162,10,448,555,3797850,79,4,0,0,1,51,-9,1,-1,2,4
362,47284,184,152,38,1968,2,-2,-5,2,44,-1,-5,2,0,0,0,0,0,0,0,3,1244,0,52,39,19,1,-4,-7,-29,-1,-45,58,-52,134,229,169,160,12,411,875,7627144,79,4,0,0,1,51,-9,1,-1,2,4
363,53179,183,154,37,1968,2,-2,-4,6,40,-1,-5,2,0,0,0,0,0,0,0,3,1243,-2,52,38,20,2,-4,-5,-20,14,-36,68,-76,160,228,165,159,9,411,915,7627144,79,4,0,0,1,51,-9,1,-1,2,4
364,59075,183,153,34,1968,2,-2,-2,4,39,-1,-5,2,0,0,0,0,0,0,0,3,1242,-4,51,37,23,1,-3,-11,-15,14,-37,75,-72,150,265,170,162,12,409,955,7627143,79,4,0,0,1,51,-9,1,-1,2,4
365,64971,183,152,37,1968,2,-2,-4,2,43,-1,-5,2,0,0,0,0,0,0,0,3,1242,-4,51,32,21,0,-4,-13,-39,13,-84,76,-89,116,249,166,162,12,449,955,7627142,79,4,0,0,1,51,-9,1,-1,2,4
366,70868,184,152,36,1968,2,-2,-4,4,39,-1,-5,2,0,0,0,0,0,0,0,3,1242,-4,52,34,21,1,1,-25,-23,20,-56,65,-88,133,255,167,160,12,489,954,7627142,79,4,0,0,1,51,-9,1,-1,2,4
367,76765,182,152,34,1968,2,-2,-7,4,38,-1,-5,2,0,0,0,0,0,0,0,3,1242,-3,52,35,22,1,-5,-10,-15,18,-44,69,-95,126,247,167,160,8,529,955,7627142,79,4,0,0,1,51,-9,1,-1,2,4
368,82661,183,152,36,1968,2,-2,-4,3,40,-1,-5,2,0,0,0,0,0,0,0,3,1241,-4,51,35,20,0,-2,-14,-2,14,-35,46,-90,140,247,168,158,6,529,995,7627142,79,4,0,0,1,51,-9,1,-1,2,4
369,88558,185,151,36,1968,2,-2,-3,1,39,-1,-5,2,0,0,0,0,0,0,0,3,1241,-5,52,36,21,1,-3,-21,-12,7,-51,56,-94,159,248,166,160,4,569,994,7627140,79,4,0,0,1,51,-9,1,-1,2,4
370,94455,183,152,36,1968,2,-2,-8,4,40,-1,-5,2,0,0,0,0,0,0,0,3,1241,-3,51,34,21,-2,-5,-21,-11,4,-13,73,-90,126,245,166,160,6,532,1346,11472180,79,4,0,0,1,51,-9,1,-1,2,4
371,102321,184,152,36,1968,2,-2,-4,5,38,-1,-5,2,0,0,0,0,0,0,0,3,1241,-4,51,36,20,-1,-1,-20,1,8,-43,38,-95,142,245,165,157,7,572,1345,11472182,79,4,0,0,1,51,-9,1,-1,2,4
372,110187,185,152,34,1968,2,-2,-2,4,38,-1,-5,2,0,0,0,0,0,0,0,3,1240,-7,50,35,22,-2,-3,-24,-9,11,-37,65,-97,150,285,170,161,8,570,1385,11472183,79,4,0,0,1,51,-9,1,-1,2,4
373,118052,184,152,37,1968,2,-2,-5,4,42,-1,-5,2,0,0,0,0,0,0,0,3,1238,-4,233,36,21,-5,-1,-22,-6,7,-67,55,-127,155,248,123,162,7,573,1388,11472223,79,4,0,0,1,51,-9,1,-1,2,4
374,125917,184,153,37,1968,2,-2,-4,5,39,-1,-5,2,0,0,0,0,0,0,0,3,1238,-4,233,37,21,-3,4,-32,12,17,-43,58,-114,152,264,145,160,7,613,1389,11472223,79,4,0,0,1,51,-9,1,-1,2,4
375,133781,184,154,34,1968,2,-2,-3,6,38,-1,-5,2,0,0,0,0,0,0,0,3,1242,-3,233,36,23,-3,0,-30,15,21,-54,89,-129,163,278,133,164,7,610,1429,11472223,79,4,0,0,1,51,-9,1,-1,2,4
376,141646,184,154,37,1968,2,-2,0,6,41,-1,-5,2,0,0,0,0,0,0,0,3,1242,-3,233,33,21,-4,2,-22,-10,12,-83,73,-113,138,274,138,160,7,650,1428,11472225,79,4,0,0,1,51,-9,1,-1,2,4
377,149511,183,153,36,1968,2,-2,-1,5,38,-1,-5,2,0,0,0,0,0,0,0,3,1241,-1,232,33,23,-2,2,-25,-13,7,-76,81,-121,143,284,135,161,7,650,1468,11472226,79,4,0,0,1,51,-9,1,-1,2,4
378,157375,181,153,35,1968,2,-2,-4,6,38,-1,-5,2,0,0,0,0,0,0,0,3,1239,-2,149,34,22,-3,4,-24,-14,5,-71,84,-95,150,265,127,157,6,652,1467,11472189,79,4,0,0,1,51,-9,1,-1,2,4
379,167207,182,153,35,1968,2,-2,1,7,37,-1,-5,2,0,0,0,0,0,0,0,3,1239,-3,149,35,21,-1,7,-15,-7,0,-88,64,-102,153,274,130,155,6,692,1467,11472191,79,4,0,0,1,51,-9,1,-1,2,4
380,177039,182,153,34,1968,2,-2,1,7,37,-1,-5,2,0,0,0,0,0,0,0,3,1239,-4,149,36,19,-2,3,-20,-16,-3,-69,74,-82,175,273,130,155,4,732,1468,11472191,79,4,0,0,1,51,-9,1,-1,2,4
381,186870,180,152,37,1968,2,-2,-4,7,40,-1,-5,2,0,0,0,0,0,0,0,3,1239,-3,149,33,23,-1,3,-17,-28,-13,-91,91,-109,129,274,130,160,8,772,1468,11472190,79,4,0,0,1,51,-9,1,-1,2,4
382,196702,180,151,36,1968,2,-2,-2,6,36,-1,-5,2,0,0,0,0,0,0,0,3,1238,-4,150,33,22,-1,3,-12,-33,13,-82,83,-106,138,273,128,156,8,773,1508,11472189,79,4,0,0,1,51,-9,1,-1,2,4
383,206534,180,151,36,1968,2,-2,-3,7,41,-1,-5,2,0,0,0,0,0,0,0,3,1237,-3,150,33,21,-2,3,-21,-17,-20,-77,82,-107,140,262,131,159,8,772,1548,11472190,79,4,0,0,1,54,1,2,-1,3,80
384,216365,180,152,39,1968,2,-2,-4,7,41,-1,-5,2,0,0,0,0,0,0,0,3,1236,-1,150,33,19,-1,3,-13,-13,-16,-76,76,-90,155,253,130,155,9,775,1588,11472190,79,4,0,0,1,54,1,2,-1,3,80
385,226196,180,151,37,1968,2,-2,-5,5,38,-1,-5,2,0,0,0,0,0,0,0,3,1236,-1,150,36,21,0,4,-29,13,-26,-65,69,-125,162,255,129,159,7,815,1589,11472189,79,4,0,0,1,54,1,2,-1,3,80
832,7753066,0,14,-1,0,0,0,-3,-1,0,0,0,0,1,0,-3,1000,1,10,0,0,1243,152,-348,704,1,0,0,1,0,0,75,6,2013,218,164,205,158,333,236,339,248,79,4,0,0,1,54,1,2,-1,3,80
833,7755034,2,15,0,0,0,0,1,1,1,0,0,0,1,0,-3,1000,1,10,0,0,1242,153,-349,704,1,-2,0,3,11,-6,77,1,2007,240,169,205,157,329,236,379,249,79,4,0,0,1,54,1,2,-1,3,80
834,7757001,2,14,-1,0,0,0,1,-1,0,0,0,0,1,0,-3,1000,1,10,0,0,1243,177,-350,704,2,-1,0,2,6,-2,77,10,2010,239,187,204,157,329,234,419,249,79,4,0,0,1,54,1,2,-1,3,80
835,7758969,0,14,0,0,0,0,-4,-2,2,0,0,0,1,0,-3,1000,1,10,0,0,1243,179,-350,702,2,0,-3,-2,1,2,78,30,1984,212,179,202,162,331,274,418,248,79,4,0,0,1,54,1,2,-1,3,80
836,7760937,1,14,-1,0,0,0,0,-2,0,0,0,0,1,0,-3,1000,1,10,0,0,1243,179,-349,702,1,-1,3,-11,14,-4,63,-3,1989,225,182,203,157,332,314,418,250,79,4,0,0,1,54,1,2,-1,3,80
837,7762906,4,12,-4,0,0,2,1,-1,-2,0,2,2,1,0,-3,1000,1,10,0,0,1243,179,-349,702,0,1,-1,-6,10,-1,70,9,1995,221,175,235,154,366,354,417,253,79,4,0,0,1,54,1,2,-1,3,80
838,7764874,3,12,-3,0,0,2,-1,0,2,0,2,2,1,0,-3,1000,1,10,0,0,1243,178,-350,701,0,-1,-6,11,-7,-2,58,3,1996,203,179,220,155,365,394,417,253,79,4,0,0,1,54,1,2,-1,3,80
839,7766842,2,11,0,0,0,2,-2,-1,2,0,2,2,1,0,-3,1000,1,10,0,0,1243,178,-350,699,0,1,2,-6,2,8,57,35,1999,197,180,225,157,369,434,418,253,79,4,0,0,1,54,1,2,-1,3,80
840,7768809,3,11,-4,0,0,2,0,-2,-3,0,2,2,1,0,-3,1000,1,10,0,0,1242,180,-350,699,5,0,-2,4,-26,30,67,26,1971,173,205,221,159,372,432,458,253,79,4,0,0,1,54,1,2,-1,3,80
896,7784559,1,14,-2,0,0,0,0,0,1,0,0,0,1,0,-3,1000,1,10,0,0,1245,141,-348,705,0,0,0,1,0,-1,62,-3,2048,219,158,214,168,336,240,339,249,79,4,0,0,1,54,1,2,-1,3,80
897,7786527,1,15,0,0,0,0,1,2,4,0,0,0,1,0,-3,1000,1,10,0,0,1244,140,-348,705,-2,-2,0,1,10,-16,63,-4,2056,247,148,214,167,333,242,379,249,79,4,0,0,1,54,1,2,-1,3,80
898,7788496,1,14,-1,0,0,0,1,0,1,0,0,0,1,0,-3,1000,1,10,0,0,1243,139,-348,705,2,0,0,3,6,-5,71,5,2048,224,170,214,166,332,242,419,248,79,4,0,0,1,54,1,2,-1,3,80
899,7790465,0,13,-1,0,0,0,-2,-2,3,0,0,0,1,0,-3,1000,1,10,0,0,1243,140,-348,704,2,0,-4,-14,17,-23,59,12,2024,220,159,213,170,330,282,420,248,79,4,0,0,1,54,1,2,-1,3,80
900,7792433,1,14,0,0,0,0,1,1,2,0,0,0,1,0,-3,1000,1,10,0,0,1244,163,-348,704,2,-2,-2,-2,12,-17,58,7,2024,239,164,211,166,326,282,460,248,79,4,0,0,1,54,1,2,-1,3,80
901,7794401,2,14,-2,0,0,0,2,1,1,0,0,0,1,0,-3,1000,1,10,0,0,1244,162,-349,705,2,-2,-5,8,14,-25,84,7,2054,262,160,214,166,325,322,461,247,79,4,0,0,1,54,1,2,-1,3,80
902,7796368,1,13,1,0,0,0,-2,-2,4,0,0,0,1,0,-3,1000,1,10,0,0,1243,160,-349,706,-1,-1,-2,2,25,-40,81,-20,2059,226,126,216,165,329,325,501,247,79,4,0,0,1,54,1,2,-1,3,80
903,7798336,1,12,0,0,0,0,-1,-5,-1,0,0,0,1,0,-3,1000,1,10,0,0,1242,162,-348,707,2,-1,-3,10,-6,-8,74,-23,2041,209,143,215,164,330,325,541,246,79,4,0,0,1,54,1,2,-1,3,80
904,7800304,2,13,-2,0,0,0,1,-3,0,0,0,0,1,0,-3,1000,1,10,0,0,1242,162,-349,709,-1,-3,-7,14,18,-35,105,-29,2080,247,131,217,162,328,288,1021,3908272,79,4,0,0,1,54,1,2,-1,3,80
145,6,-58,-167,-120,167,124,40,1968,1,1,4,0,-1,1,3,0,0,0,0,0,0,1246,-1,-3,0,-1,2,17,-18,6,-5,12,19,-15,162,161,161,164,80,14,0,0,79,4,0,0,1,54,1,2,-1,3,80
146,-7,-58,-167,-122,167,124,40,1969,-1,-3,4,0,-1,1,3,0,0,0,0,0,0,1246,-1,-3,3,0,3,19,-34,6,-10,9,6,-33,174,163,160,166,80,54,6,0,79,4,0,0,1,54,1,2,-1,3,80
147,-20,-59,-170,-123,167,124,40,1966,-5,-1,4,0,-1,1,3,0,0,0,0,0,0,1245,2,-2,5,1,2,19,-30,-9,-7,14,-14,-24,118,152,160,165,81,51,46,1,79,4,0,0,1,54,1,2,-1,3,80
148,-34,-58,-169,-121,167,124,40,1968,-1,0,4,0,-1,1,3,0,0,0,0,0,0,1244,1,-3,4,-2,1,19,-29,13,-13,20,14,-27,190,151,157,163,75,51,86,1,79,4,0,0,1,54,1,2,-1,3,80
149,-26,-61,-169,-126,167,124,41,2008,-1,1,5,-1,-1,1,3,0,0,0,0,0,0,1244,1,-3,4,0,0,18,-28,1,-11,17,11,-11,169,173,156,188,103,51,87,0,79,4,0,0,1,54,1,2,-1,3,80
150,-17,-62,-170,-127,167,124,41,2005,-5,2,5,-1,-1,1,3,0,0,0,0,0,0,1243,-4,-2,4,-1,1,17,-34,4,-8,10,0,-19,151,151,156,174,107,50,127,-1,79,4,0,0,1,54,1,2,-1,3,80
151,-8,-63,-170,-125,167,124,41,2004,-7,3,5,-1,-1,1,3,0,0,0,0,0,0,1244,20,-1,5,-3,0,18,-28,-14,-10,1,-8,12,151,153,159,179,110,52,167,-1,79,4,0,0,1,54,1,2,-1,3,80
152,2,-62,-169,-128,167,124,41,2007,-3,0,5,-1,-1,1,3,0,0,0,0,0,0,1244,20,-2,8,-3,1,18,-41,11,3,27,-28,12,173,149,158,172,108,92,166,-1,79,4,0,0,1,54,1,2,-1,3,80
1024,7847544,2,17,-2,0,0,0,1,5,0,0,0,0,1,0,-3,1000,1,10,0,0,1243,188,-348,704,0,-1,0,0,-2,-5,79,-3,2041,252,158,256,180,328,235,330,247,79,4,0,0,1,54,1,2,-1,3,80
1025,7849513,2,16,0,0,0,0,-1,3,3,0,0,0,1,0,-3,1000,1,10,0,0,1243,188,-348,702,0,1,2,9,-17,-9,54,6,2030,230,162,256,181,329,275,329,246,79,4,0,0,1,54,1,2,-1,3,80
1026,7851482,2,14,0,0,0,0,-1,-1,0,0,0,0,1,0,-3,1000,1,10,0,0,1247,187,-348,702,2,0,1,8,-28,-10,56,-26,2024,205,160,259,180,333,275,369,247,79,4,0,0,1,54,1,2,-1,3,80
1027,7853450,1,14,-2,0,0,0,-2,1,1,0,0,0,1,0,-3,1000,1,10,0,0,1247,187,-347,704,1,1,-4,-4,-3,-6,75,-12,2026,227,158,259,180,331,315,369,246,79,4,0,0,1,54,1,2,-1,3,80
1028,7855418,2,16,0,0,0,0,-1,6,3,0,0,0,1,0,-3,1000,1,10,0,0,1246,186,-346,703,-2,0,-2,5,11,-16,83,1,2043,264,148,257,179,327,316,409,247,79,4,0,0,1,54,1,2,-1,3,80
1029,7857385,2,15,-1,0,0,0,0,3,1,0,0,0,1,0,-3,1000,1,10,0,0,1246,186,-346,705,-1,1,-2,5,2,-14,71,-17,2012,258,153,258,179,326,356,410,247,79,4,0,0,1,54,1,2,-1,3,80
1030,7859352,1,14,1,0,0,0,-1,4,4,0,0,0,1,0,-3,1000,1,10,0,0,1245,187,-345,706,-3,1,-2,5,1,-15,77,-11,2050,267,141,258,179,327,357,450,247,79,4,0,0,1,6,0,5,-1,80,1
1031,7861319,2,16,-1,0,0,0,2,9,0,0,0,0,1,0,-3,1000,1,10,0,0,1244,186,-346,704,1,0,-4,8,3,1,82,22,2011,297,163,254,180,322,356,490,248,79,4,0,0,1,6,0,5,-1,80,1
1088,7879038,1,16,-3,0,0,0,1,3,-1,0,0,0,1,0,-3,1000,1,10,0,0,1243,152,-348,703,0,-1,1,-1,0,-3,89,4,2041,247,158,240,181,327,235,328,245,79,4,0,0,1,6,0,5,-1,80,1
1089,7881005,1,15,-1,0,0,0,-1,0,3,0,0,0,1,0,-3,1000,1,10,0,0,1243,152,-347,701,1,0,1,-3,-17,-3,54,9,2023,224,161,239,186,329,275,330,245,79,4,0,0,1,6,0,5,-1,80,1
1090,7882971,2,15,-1,0,0,0,0,-1,0,0,0,0,1,0,-3,1000,1,10,0,0,1243,152,-346,702,0,0,6,-32,-5,-10,52,-5,2015,235,160,237,185,329,315,330,245,79,4,0,0,1,6,0,5,-1,80,1
1091,7884937,2,16,-3,0,0,0,-1,2,0,0,0,0,1,0,-3,1000,1,10,0,0,1243,152,-347,705,-1,-2,-1,-13,7,-6,93,1,2035,249,157,240,182,328,355,331,244,79,4,0,0,1,6,0,5,-1,80,1
1092,7886902,2,17,-1,0,0,0,-1,4,3,0,0,0,1,0,-3,1000,1,10,0,0,1243,152,-348,701,-1,-2,2,5,-19,-10,71,7,2049,222,159,237,182,330,395,331,245,79,4,0,0,1,6,0,5,-1,80,1
1093,7888868,3,16,-2,0,0,0,1,-1,0,0,0,0,1,0,-3,1000,1,10,0,0,1243,151,-347,704,-1,-1,2,-21,-7,-14,65,-3,2022,258,163,238,185,329,435,330,245,79,4,0,0,1,6,0,5,-1,80,1
1094,7890834,2,15,-2,0,0,0,-3,-1,2,0,0,0,1,0,-3,1000,1,10,0,0,1242,152,-346,705,-1,-1,3,-13,-26,-4,75,-12,2035,210,146,237,183,330,434,370,246,79,4,0,0,1,6,0,5,-1,80,1
1095,7892799,3,17,0,0,0,0,-1,4,2,0,0,0,1,0,-3,1000,1,10,0,0,1242,153,-347,704,0,-3,7,0,-14,2,95,6,2069,227,151,237,179,332,474,370,247,79,4,0,0,1,6,0,5,-1,80,1
1096,7894765,3,17,-3,0,0,0,1,2,-2,0,0,0,1,0,-3,1000,1,10,0,0,1242,152,-348,706,-1,-2,5,-4,0,6,104,-14,2056,253,148,240,182,331,437,946,3955512,79,4,0,0,1,6,0,5,-1,80,1
1097,7898699,2,17,-1,0,0,0,-2,-1,3,0,0,0,1,0,-3,1000,1,10,0,0,1242,153,-348,703,1,0,2,-8,-26,8,59,-4,2036,201,153,238,183,331,477,947,3955512,165,15,-3,-4,-4,6,0,5,-1,80,1
1098,7902632,2,17,0,0,0,0,-2,0,1,0,0,0,1,0,-3,1000,1,10,0,0,1241,156,-347,704,-1,-1,2,-1,-30,5,63,-8,2058,234,148,240,181,331,480,987,3955512,165,15,-3,-4,-4,6,0,5,-1,80,1
1099,7906565,2,18,-3,0,0,0,-2,2,-1,0,0,0,1,0,-3,1000,1,10,0,0,1245,157,-347,703,3,0,2,-6,-11,22,68,38,2033,233,177,234,185,329,478,1027,3955513,165,15,-3,-4,-4,6,0,5,-1,80,1
1100,7910497,2,18,-1,0,0,0,-3,1,3,0,0,0,1,0,-3,1000,1,10,0,0,1245,157,-348,701,1,0,1,20,-46,7,41,15,2039,206,164,236,184,329,518,1027,3955513,165,15,-3,-4,-4,6,0,5,-1,80,1
1101,7914430,4,16,-1,0,0,0,-1,-3,1,0,0,0,1,0,-3,1000,1,10,0,0,1245,156,-346,701,1,1,4,-6,-33,2,20,23,2023,235,174,235,186,329,558,1026,3955513,165,15,-3,-4,-4,6,0,5,-1,80,1
1102,7918363,3,17,-2,0,0,0,-4,0,2,0,0,0,1,0,-3,1000,1,10,0,0,1244,157,-345,701,2,2,2,3,-57,12,35,40,2031,215,160,232,184,328,558,1066,3955514,165,15,-3,-4,-4,6,0,5,-1,80,1
1103,7922295,2,18,0,0,0,0,-4,3,3,0,0,0,1,0,-3,1000,1,10,0,0,1243,156,-344,701,-1,1,2,2,-27,7,38,53,2046,253,161,232,185,326,559,1106,3955514,165,15,-3,-4,-4,6,0,5,-1,80,1
1104,7926227,3,18,-2,0,0,0,-1,1,1,0,0,0,1,0,6,1000,1,10,0,0,1244,233,-344,700,2,0,3,2,-45,5,36,48,2026,238,193,233,185,327,558,1069,3956122,165,15,-3,-4,-4,6,0,5,-1,80,1
1105,7932127,3,17,-1,0,0,0,-2,-1,4,0,0,0,1,0,6,1000,1,10,0,0,1244,232,-344,698,1,-1,-3,-2,-57,8,13,50,2023,224,181,231,187,328,598,1069,3956121,165,15,-3,-4,-4,6,0,5,-1,80,1
1106,7938028,2,17,1,0,1,0,-4,2,3,0,0,0,1,0,12,1000,1,10,0,1,1244,233,-343,696,1,0,5,-7,-53,9,45,78,2047,219,186,231,186,332,638,1068,3956122,165,15,-3,-4,-4,6,0,5,-1,80,1
1107,7943929,2,18,-2,0,2,0,-2,3,-1,0,0,0,1,0,12,1001,1,10,0,2,1243,232,-344,695,5,-1,0,-3,-52,39,25,89,2009,223,202,231,189,333,635,1108,3956122,165,15,-3,-4,-4,6,0,5,-1,80,1
1108,7949820,2,19,-3,0,3,0,-2,4,-5,19,9,6,1,0,23,1001,35,10,0,2,1245,234,-346,735,4,0,2,-4,-52,25,33,88,2028,221,194,263,203,365,651,1107,3956119,165,15,-3,-4,-4,6,0,5,-1,80,1
1109,7955710,2,17,1,0,4,0,-2,0,-1,19,9,7,1,0,23,1002,35,10,0,4,1245,234,-344,732,3,0,2,-6,-66,30,-12,109,2021,205,200,247,197,365,691,1110,3956120,165,15,-3,-4,-4,6,0,5,-1,80,1
1110,7961595,2,17,0,0,5,0,-3,2,-5,19,9,7,1,0,33,1004,35,10,0,6,1244,237,-344,732,4,0,2,-4,-80,50,16,108,2012,207,197,253,199,367,691,1150,3956122,165,15,-3,-4,-4,6,0,5,-1,80,1
1111,7967480,2,18,0,0,6,0,-4,4,-4,19,9,7,1,0,33,1006,35,10,0,10,1244,238,-344,732,4,0,1,10,-69,44,31,118,2026,206,195,251,199,365,731,1150,3956122,165,15,-3,-4,-4,6,0,5,-1,80,1
1112,7973355,2,18,-1,0,6,0,-4,3,-3,35,2,10,1,22,36,1006,35,10,0,10,1244,238,-343,730,44,1,3,3,-74,49,27,112,2019,206,196,252,231,397,763,1182,3956122,165,15,-3,-4,-4,6,0,5,-1,80,1
1113,7979229,3,17,-1,0,6,0,-1,1,-5,35,2,10,1,22,36,1009,35,10,0,15,1243,236,-344,730,25,-1,3,7,-74,40,27,103,2017,219,222,255,215,399,762,1145,3956762,165,15,-3,-4,-4,6,0,5,-1,80,1
1114,7987072,2,17,0,0,6,0,-6,1,-3,35,2,10,1,22,36,1013,35,10,0,20,1242,234,-343,730,32,2,3,3,-76,27,14,123,2042,216,199,255,224,402,762,1185,3956761,165,15,-3,-4,-4,6,0,5,-1,80,1
1115,7994915,2,18,1,0,7,0,-7,4,-4,35,2,10,1,22,36,1017,35,10,1,25,1243,404,-343,730,28,0,3,9,-90,41,26,138,2042,237,206,257,222,410,766,1225,3956762,165,15,-3,-4,-4,6,0,5,-1,80,1
1116,8002757,3,18,-1,0,7,0,-5,3,-6,35,2,10,1,22,36,1022,35,10,1,30,1243,404,-343,732,30,1,2,18,-67,38,37,121,2057,255,207,262,233,413,806,1226,3956762,165,15,-3,-4,-4,6,0,5,-1,80,1
1117,8010599,3,18,0,0,7,0,-5,0,8,30,-1,25,3,22,36,1022,53,10,13,30,1249,405,-303,730,30,-1,3,13,-78,36,34,129,2049,246,238,291,259,445,803,1225,3956753,165,15,-3,-4,-4,6,0,5,-1,80,1
1118,8018443,3,17,2,0,8,0,-5,-3,10,30,-1,25,3,22,36,1027,53,10,13,35,1249,404,-302,727,30,0,3,-3,-86,41,27,162,2069,258,229,282,252,451,843,1224,3956753,165,15,-3,-4,-4,6,0,5,-1,80,1
1119,8026286,1,17,3,0,8,-1,-4,-2,9,24,10,35,55,66,36,1027,53,10,13,35,1254,415,-297,767,30,-1,4,5,-82,35,33,142,2059,252,233,318,287,483,875,1224,3956754,165,15,-3,-4,-4,6,0,5,-1,80,1
1120,8034130,-2,17,0,0,9,0,-8,0,5,24,10,35,55,66,36,1032,53,10,13,40,1258,416,-295,766,33,0,4,3,-74,52,34,205,2067,248,234,309,278,491,880,1264,3956753,165,15,-3,-4,-4,6,0,5,-1,80,1
1121,8041958,6,39,10,1,9,0,4,7,45,25,13,34,55,66,36,1032,53,10,13,40,1255,421,-295,766,31,32,44,36,-38,44,204,171,2063,250,233,314,280,502,883,1263,3956738,165,15,-3,-4,-4,6,0,5,-1,80,1
1122,8049785,7,39,13,2,10,0,6,6,50,25,13,34,55,66,44,1037,53,10,13,45,1254,420,-297,766,28,16,24,13,-45,15,121,160,2089,295,247,321,286,506,889,1303,3956738,165,15,-3,-4,-4,6,0,5,-1,80,1
1123,8057652,18,39,13,2,10,-2,3,6,51,24,-6,0,55,25860,38,1037,4677,10,13,45,1270,429,-334,1438,-4002476,26,49,32,-39,46,168,164,2073,273,240,317,283,507,889,1340,3956187,165,15,-3,-4,-4,6,0,5,-1,80,1
1124,8067487,16,38,12,2,11,-1,0,4,49,24,-6,1,55,25860,38,1042,4677,10,13,51,1269,428,-333,1439,-2001223,22,35,24,-21,79,150,181,2099,276,254,323,290,519,897,1380,3956187,165,15,-3,-4,-4,6,0,5,-1,80,1
1125,8077354,56,38,14,2,11,-1,3,5,48,27,36,27,25657,25860,38,1042,4678,11,9,51,1284,445,-324,1479,-3001849,26,43,26,-28,67,163,171,2086,274,247,352,326,559,886,1379,3956183,165,15,-3,-4,-4,6,0,5,-1,80,1
1126,8087222,59,38,15,2,12,-1,11,3,53,27,36,27,25657,25860,38,1046,4678,11,9,55,1284,443,-324,1476,-2501537,26,31,-7,-61,69,133,170,2143,302,264,352,319,565,926,1378,3956182,165,15,-3,-4,-4,6,0,5,-1,80,1
1127,8097090,58,39,17,2,12,0,5,6,49,27,36,27,25657,25860,38,1051,4678,11,9,60,1283,442,-323,1477,-2751693,27,37,16,-41,80,168,183,2154,293,246,369,330,573,935,1418,3956183,165,15,-3,-4,-4,6,0,5,-1,80,1
1128,8106990,98,40,417,2,12,0,4,13,49,25,43,44,25701,25860,-72,1051,8024,11,17,60,1295,462,-313,1517,-2626616,24,34,1,-49,73,151,176,2148,297,255,392,364,605,975,1417,3956180,165,15,-3,-4,-4,6,0,5,-1,80,1
1129,8116890,100,39,418,2,12,0,10,10,55,25,43,44,25701,25860,-72,1056,8024,11,17,66,1295,462,-312,1515,-2689155,27,34,-8,-57,81,148,198,2184,318,261,395,354,611,1015,1417,3956181,165,15,-3,-4,-4,6,0,5,-1,80,1
41,56,45,17,10,9,16,15,40,1,-4,0,2,2,-8,3,-1,0,0,0,32,40,1182,48,-1,3,1,0,-2,2,-1,0,30,-29,-27,224,261,237,208,44,26,24,18,165,15,-3,-4,-4,6,0,5,-1,80,1
42,55,46,19,9,9,16,16,41,5,-8,0,2,2,-8,3,-1,6,0,0,32,45,1182,49,-2,5,-1,0,1,-15,18,-5,76,-25,-12,223,264,250,220,54,66,24,20,165,15,-3,-4,-4,6,0,5,-1,80,1
43,86,94,19,8,9,16,14,42,6,-6,-1,-21,9,-8,3,-1,6,42,5,32,45,1207,55,16,15,40,0,-1,-5,6,-13,50,-26,-20,223,262,243,246,94,98,64,19,165,15,-3,-4,-4,6,0,5,-1,80,1
44,118,94,19,7,9,16,14,40,8,-6,-1,-21,9,-8,3,-1,11,42,5,32,49,1207,56,16,16,15,-2,0,-2,35,-12,94,-16,-6,226,273,260,252,106,61,768,-4018232,165,15,-3,-4,-4,6,0,5,-1,80,1
45,2119,96,18,8,9,17,14,43,5,-8,-1,-21,9,-8,3,-1,16,42,5,32,53,1210,503,7,15,27,1,1,-4,31,-50,47,-23,-21,226,277,277,266,116,70,773,-4018192,165,15,-3,-4,-4,6,0,5,-1,80,1
46,4120,92,22,8,9,18,14,34,13,-8,-1,-21,9,-8,3,-1,19,42,5,32,56,1210,506,6,15,24,-3,-9,-2,-37,-42,122,-5,-12,198,284,276,271,129,110,773,-4018187,165,15,-3,-4,-4,6,0,5,-1,80,1
47,6122,92,20,8,9,18,14,36,10,-9,-1,-21,9,-8,3,-1,22,42,5,32,59,1209,504,5,17,25,2,-2,-3,15,-21,92,-33,-9,223,315,286,277,135,123,813,-4018188,165,15,-3,-4,-4,6,0,5,-1,80,1
48,4018,116,20,10,9,18,14,37,8,-8,-2,-23,-57,17940,3,1,22,44,9,60,59,1223,511,45,17,27,-2,-4,-3,-4,-40,110,-19,-10,210,331,305,306,151,123,812,-4018187,165,15,-3,-4,-4,6,0,5,-1,80,1
49,1914,114,22,11,9,19,14,34,17,-9,-2,-23,-57,17940,3,1,25,44,9,60,61,1222,510,45,17,25,5,-5,4,-5,-23,129,-13,-9,237,315,305,306,158,136,852,-4018186,165,15,-3,-4,-4,6,0,5,-1,80,1
50,-133,115,24,13,9,20,15,36,13,31,-23,10,-44,17940,7963,2,25,44,7715,65,61,1221,512,47,17,28,5,0,1,-4,-31,119,16,7,255,339,304,303,157,136,852,-4018186,165,15,-3,-4,-4,6,0,5,-1,80,1
51,-2180,112,21,12,9,20,16,32,8,31,-23,10,-44,17940,7963,2,28,44,7715,65,63,1221,513,49,17,28,9,1,45,-40,-22,128,24,-12,251,335,313,330,164,176,853,-4018185,165,15,-3,-4,-4,6,0,5,-1,80,1
52,-4228,114,17,11,9,20,16,37,5,30,-23,10,-44,17940,7963,2,30,44,7715,65,65,1220,515,48,18,29,7,5,23,36,-2,124,12,-15,268,362,323,328,167,181,893,-4018185,165,15,-3,-4,-4,6,0,5,-1,80,1
53,-6274,114,15,12,9,21,16,38,9,30,-23,10,-44,17940,7963,2,32,44,7715,65,66,1220,516,49,18,21,11,-3,37,16,-26,137,27,-7,247,357,333,358,170,144,1629,15812,165,15,-3,-4,-4,6,0,5,-1,80,1
54,-6352,114,11,13,9,21,17,34,11,33,-23,10,-44,17940,7963,2,34,44,7715,65,67,1220,516,51,16,23,10,-9,3,-37,-37,128,39,-11,245,357,341,359,178,184,1629,15811,165,15,-3,-4,-4,6,0,5,-1,80,1
55,-6429,115,7,12,9,21,17,37,7,32,-23,10,-44,17939,7963,-3,35,44,7715,65,68,1220,516,53,17,26,4,-8,65,30,22,118,40,-16,274,376,353,364,186,224,1628,15808,165,15,-3,-4,-4,6,0,5,-1,80,1
56,-6505,117,5,11,9,21,17,39,1,28,-23,10,-43,17939,7963,-3,36,44,7715,64,69,1220,516,53,19,29,8,-8,62,2,-8,127,41,-16,268,371,357,361,193,264,1627,15805,165,15,-3,-4,-4,6,0,5,-1,80,1
57,-6581,118,6,12,9,22,18,42,-2,28,-23,10,-43,17939,7963,-3,37,44,7715,64,70,1219,520,54,19,26,5,-2,67,29,-3,175,42,-12,278,370,376,370,203,266,1667,15805,165,15,-3,-4,-4,6,0,5,-1,80,1
58,-6656,112,7,12,9,22,18,34,3,29,-23,10,-43,17939,7963,-3,39,44,7715,64,71,1219,522,54,19,18,8,-4,18,38,23,175,59,-21,251,373,383,368,212,306,1666,15803,165,15,-3,-4,-4,6,0,5,-1,80,1
59,-6731,120,3,13,9,22,19,43,-3,32,-23,10,-43,17939,7963,-3,40,44,7715,64,73,1219,519,57,18,20,-3,-7,-25,44,-42,125,51,-1,312,379,389,376,218,346,1666,15797,165,15,-3,-4,-4,6,0,5,-1,80,1
60,-6805,120,4,13,9,22,19,45,-3,33,-23,10,-43,17934,7963,-3,42,44,7715,64,74,1223,520,59,17,19,-1,-3,-6,-18,-15,149,76,-10,290,360,394,365,211,355,1706,15796,165,15,-3,-4,-4,6,0,5,-1,80,1
61,-6879,121,3,13,9,22,19,50,-1,34,-23,10,-43,17934,7963,-3,43,43,7715,64,75,1222,525,58,18,20,3,-9,-17,-10,-23,75,51,-13,317,387,391,361,219,363,1669,16564,165,15,-3,-4,-4,6,0,5,-1,80,1
122,383,470,-417,530,-350,40,1968,2,0,-1,0,8,4,-2,0,0,0,-33,-4153,8,-1,1241,-2,-1,4,4,-1,-11,-7,-10,4,-8,-30,25,196,196,206,200,1,80,0,10,165,15,-3,-4,-4,6,0,5,-1,80,1
102,20,6,4,0,8,40,1,0,-9,-1,2,1,-13,-3,0,0,0,32,8,32,8,1246,-1,5,2,1,1,-6,6,-96,24,-36,23,-26,264,267,272,275,6,80,1,3,165,15,-3,-4,-4,6,0,5,-1,80,1
103,20,7,3,-1,8,40,1,-3,-17,-3,2,1,-13,-3,0,0,2,32,8,32,10,1246,-1,3,2,7,2,-10,75,-130,74,-20,28,-26,258,267,274,283,11,120,2,6,165,15,-3,-4,-4,6,0,5,-1,80,1
104,19,6,-2,0,8,40,1,-7,-26,-2,2,1,-13,-3,0,0,3,32,8,32,11,1246,-1,6,1,0,-1,-6,4,-77,91,-48,59,-42,276,277,275,283,13,160,2,3,165,15,-3,-4,-4,6,0,5,-1,80,1
105,19,3,-3,2,8,40,1,-12,-29,-1,2,1,-13,-3,0,0,3,32,8,32,11,1245,-2,9,0,3,-3,-7,47,-137,166,-46,62,-12,255,251,274,283,5,167,42,4,165,15,-3,-4,-4,6,0,5,-1,80,1
106,15,8,-2,2,8,40,2,-7,-25,-3,2,1,-13,-2,0,0,4,32,8,32,11,1244,0,6,0,3,2,-8,30,-46,211,-87,51,-62,295,285,280,280,13,169,82,6,165,15,-3,-4,-4,6,0,5,-1,80,1
107,12,7,0,1,8,40,2,-9,-19,-6,2,1,-13,-2,0,0,5,32,8,32,11,1244,0,5,2,6,6,-7,108,-97,247,-42,51,-38,264,271,275,281,16,209,81,3,165,15,-3,-4,-4,6,0,5,-1,80,1
108,9,7,0,1,8,40,2,-12,-17,-7,2,1,-13,-2,0,0,6,32,8,32,12,1244,1,4,2,9,-1,-5,69,-147,281,-44,58,-46,261,285,280,276,20,172,881,4065493,165,15,-3,-4,-4,6,0,5,-1,80,1
109,1974,10,-2,2,8,40,2,-8,-17,-5,2,1,-13,-2,0,0,7,32,8,32,13,1244,-1,5,0,1,1,4,72,-115,219,-68,56,-22,276,281,285,274,22,212,881,4065489,165,15,-3,-4,-4,6,0,5,-1,80,1
110,3940,9,2,3,8,40,2,-9,-8,-2,2,1,-13,-2,0,0,8,32,8,32,14,1241,-4,-148,2,4,0,-4,74,-115,315,-14,-3,-3,270,295,256,275,22,204,878,4065529,165,15,-3,-4,-4,6,0,5,-1,80,1
111,5906,9,0,3,7,40,3,-8,-13,-1,2,1,-13,-2,0,0,9,32,8,32,15,1241,-4,-147,3,7,6,10,149,-105,246,-48,39,-18,291,298,281,274,26,244,878,4065531,165,15,-3,-4,-4,6,0,5,-1,80,1
112,7873,8,-6,2,7,40,3,-10,-20,-2,2,1,-13,-2,0,0,11,32,8,32,17,1241,-3,-144,4,8,1,1,248,-119,376,-42,38,-29,307,293,274,286,28,284,877,4065536,165,15,-3,-4,-4,6,0,5,-1,80,1
113,9841,6,-4,1,7,40,3,-17,-20,-3,2,1,-13,-2,0,0,12,32,8,32,19,1241,-3,-147,4,2,-4,2,188,-117,390,-23,32,-8,283,298,274,289,26,324,876,4065537,165,15,-3,-4,-4,6,0,5,-1,80,1
114,11809,9,-4,1,7,40,3,-7,-23,-4,2,1,-13,-2,0,0,14,32,8,32,20,1240,-4,-149,5,5,-3,5,221,-108,478,0,8,-36,318,330,277,293,31,318,916,4065537,165,15,-3,-4,-4,6,0,5,-1,80,1
115,13778,15,-2,1,7,40,3,-2,-15,-3,2,1,-13,-2,0,0,15,32,8,32,21,1239,-3,-150,4,4,3,2,205,-27,481,22,40,-33,319,299,275,291,40,335,956,4065536,165,15,-3,-4,-4,6,0,5,-1,80,1
116,15747,12,-5,2,7,41,3,-7,-21,-1,2,1,-13,-2,0,0,16,32,7,32,22,1239,-1,-148,4,8,0,-5,192,-127,394,1,69,-65,328,324,270,310,46,298,1788,8146772,165,15,-3,-4,-4,6,0,5,-1,80,1
117,17746,10,-6,1,7,41,3,-7,-21,-3,2,25,626,-2,0,0,16,32,1721,32,22,1241,-17,1210,-687,359,2,6,200,-75,446,20,283,39,2368,584,247,412,-102,810,1313,8147360,165,15,-3,-4,-4,6,0,5,-1,80,1
118,21714,11,-7,2,7,41,3,-5,-26,-1,2,25,626,-2,0,0,17,32,1721,32,23,1241,-18,1210,-689,184,-7,-13,14,-159,337,-10,187,-8,1361,457,271,364,-93,850,1312,8147360,165,15,-3,-4,-4,6,0,5,-1,80,1
119,25682,8,-8,2,7,41,3,-8,-31,-1,2,25,626,-2,0,0,18,32,1721,32,24,1241,-16,1210,-688,273,-1,0,156,-145,301,11,256,-2,1863,523,265,400,-97,890,1312,8147360,165,15,-3,-4,-4,6,0,5,-1,80,1
120,29651,8,-8,2,7,41,3,-7,-34,-3,2,25,626,-2,0,0,18,32,1721,32,25,1240,-15,1209,-687,229,-8,1,79,-151,215,34,218,-1,1607,502,275,382,-94,892,1352,8147359,165,15,-3,-4,-4,6,0,5,-1,80,1
121,33620,10,-14,1,7,41,3,-6,-39,-4,2,25,626,-2,0,0,19,32,1721,32,26,1239,-17,1209,-684,252,-11,-7,100,-271,241,7,219,12,1724,533,270,401,-87,897,1392,8147360,165,15,-3,-4,-4,6,0,5,-1,80,1
122,37588,10,-11,0,7,41,3,-7,-31,-6,2,25,626,-2,0,0,20,32,1721,32,27,1240,-99,1208,-687,242,-18,-3,80,-327,245,48,254,-29,1695,493,269,397,-80,892,1432,8147360,165,15,-3,-4,-4,6,0,5,-1,80,1
123,41556,14,-13,-1,7,40,3,-2,-36,-8,2,25,626,-2,0,0,21,32,1721,32,28,1240,-100,1211,-687,253,-12,-3,78,-281,272,0,257,-24,1743,513,276,397,-77,932,1433,8147358,165,15,-3,-4,-4,6,0,5,-1,80,1
124,45523,14,-15,0,7,40,3,-2,-37,-7,2,25,626,-1,0,0,22,32,1721,32,29,1237,-94,1139,-686,248,-16,-3,83,-302,256,-40,234,-25,1734,504,268,401,-74,930,1435,8147398,165,15,-3,-4,-4,6,0,5,-1,80,1
125,49491,16,-13,1,7,39,3,1,-30,-4,2,25,626,-1,0,0,23,32,1721,32,30,1236,-95,1138,-686,249,-14,4,91,-314,311,-35,231,-34,1762,519,268,403,-71,938,1398,8148262,165,15,-3,-4,-4,6,0,5,-1,80,1
126,55427,17,-14,2,7,39,3,0,-27,-2,2,25,626,-1,0,0,24,32,1721,32,31,1236,-95,1138,-687,258,-6,37,334,-168,252,-39,235,-20,1742,504,272,402,-66,978,1399,8148260,165,15,-3,-4,-4,6,0,5,-1,80,1
127,61362,22,-15,2,7,39,3,9,-24,0,2,25,626,-1,0,0,25,32,1721,32,31,1237,-177,1135,-686,253,-7,25,217,-148,232,-10,218,-45,1778,525,270,409,-68,991,1439,8148260,165,15,-3,-4,-4,6,0,5,-1,80,1
128,67298,26,-19,3,7,39,3,14,-33,2,2,25,626,-1,0,0,26,32,1720,32,32,1237,-178,1137,-686,249,-19,9,-19,-235,223,-45,240,-38,1778,518,275,409,-68,1031,1440,8148257,165,15,-3,-4,-4,6,0,5,-1,80,1
3,28,1,0,-12,-4,11,3,5,40,-4,-1,-4,1,0,2,-8,6,0,0,0,32,1230,0,-1,8,1,1,-1,-3,-3,-12,-15,57,66,183,209,169,187,8,13,27,0,165,15,-3,-4,-4,6,0,5,-1,80,1
4,31,1,-2,-12,-4,10,3,2,37,-6,-1,-4,1,0,2,-8,6,0,0,0,33,1230,1,1,8,2,2,2,0,-4,-75,-32,86,40,202,205,176,189,11,53,26,4,165,15,-3,-4,-4,6,0,5,-1,80,1
5,34,-3,2,-12,-4,10,3,-3,48,-6,-1,-4,1,0,2,-8,6,0,0,0,34,1230,2,-1,8,-4,0,-6,8,8,-42,5,52,79,165,200,176,184,17,93,26,5,165,15,-3,-4,-4,6,0,5,-1,80,1
6,38,-1,7,-13,-4,10,4,-2,59,-8,-1,-4,1,0,2,-8,7,0,0,0,34,1230,1,-2,8,-2,3,-12,33,-18,-115,-1,50,82,177,195,184,186,26,133,25,6,165,15,-3,-4,-4,6,0,5,-1,80,1
7,42,-5,8,-13,-4,9,4,-6,61,-8,-1,-4,1,0,2,-8,8,0,0,0,35,1229,-2,0,8,-3,-1,-13,15,-92,-150,73,69,96,156,186,180,173,31,141,65,7,165,15,-3,-4,-4,6,0,5,-1,80,1
1792,8225458,0,-20,1,0,28,34,-1,2,-1,0,0,0,-1,0,24,1301,0,3,3,303,1212,1376,-763,706,0,16,2,-2,18,9,43,-31,1865,687,776,810,644,1020,1111,1174,952,165,15,-3,-4,-4,6,0,5,-1,80,1
1793,8227426,7,-22,1,0,28,34,8,-1,0,0,0,0,-1,0,24,1301,0,3,3,303,1211,1379,-768,707,-1,17,-3,-22,-50,-116,51,-75,1848,711,816,814,632,1025,1105,1214,953,165,15,-3,-4,-4,6,0,5,-1,80,1
1794,8229393,14,-19,2,0,28,34,18,3,2,0,0,0,-1,0,24,1301,0,3,3,303,1211,1376,-770,706,-4,9,3,-93,34,-85,49,-78,1891,693,800,820,635,1035,1145,1214,947,165,15,-3,-4,-4,6,0,5,-1,80,1
1795,8227255,22,-20,-3,0,28,32,19,3,1,-1,-15,-25,-1,17,24,1190,37,259,4,303,1209,1376,-730,707,4,18,0,-49,3,-94,51,-76,1869,702,808,817,633,1033,1142,1216,956,165,15,-3,-4,-4,6,0,5,-1,80,1
1796,8225117,19,-21,-3,0,27,32,9,-4,2,-1,-15,-25,-1,17,24,1191,37,259,3,304,1206,1378,-776,708,-1,12,-12,-85,-6,-353,97,-79,1880,716,793,816,638,1029,1142,1213,996,165,15,-3,-4,-4,6,0,5,-1,80,1
1797,8222936,23,-28,-7,0,27,31,15,36,3,3,-15,-25,-1,2071,24,1191,37,259,3,304,1206,1378,-809,699,1,15,-7,-67,-1,-223,78,-62,1945,838,825,804,632,1043,1154,1223,1008,165,15,-3,-4,-4,6,0,5,-1,80,1
1798,8220755,20,-26,-8,0,27,31,14,38,2,3,-15,-25,-1,2071,24,1192,37,258,3,305,1205,1379,-809,698,0,7,-16,-107,-351,-352,172,-57,1903,785,806,810,640,1045,1154,1263,1009,165,15,-3,-4,-4,6,0,5,-1,80,1
1799,8218573,16,-21,-7,0,27,31,8,52,7,3,-15,-26,-1,2071,24,1193,37,258,3,305,1204,1380,-808,697,-5,5,-17,-102,-188,-213,143,-38,1926,837,774,800,649,1048,1167,1303,1010,165,15,-3,-4,-4,6,0,5,-1,80,1
1800,8216390,17,-19,-5,0,27,31,12,60,11,3,-15,-25,-1,2071,24,1194,38,258,3,305,1204,1379,-809,699,1,9,3,-141,-233,-256,157,-53,1932,805,793,805,648,1052,1207,1304,1010,165,15,-3,-4,-4,6,0,5,-1,80,1
1801,8214205,22,-23,-5,0,27,31,18,50,9,3,-15,-25,-1,2071,24,1195,38,258,3,305,1204,1376,-808,703,3,15,-3,117,-287,-287,114,-54,1924,876,793,802,651,1055,1170,2232,-4127466,165,15,-3,-4,-4,6,0,5,-1,80,1
1802,8213988,20,-20,-6,1,26,31,15,50,6,3,-15,-25,-1,2071,24,1195,38,258,2,305,1205,1364,-807,701,4,17,-3,-37,-236,-407,64,-32,1921,829,790,799,649,1051,1173,2272,-4127466,165,15,-3,-4,-4,6,0,5,-1,80,1
1803,8213771,16,-19,-7,1,25,31,11,51,5,3,-15,-25,-1,2071,24,1196,38,258,2,306,1204,1360,-805,702,2,6,-3,44,-295,-348,162,-34,1935,840,786,793,646,1056,1166,2312,-4127465,165,15,-3,-4,-4,6,0,5,-1,80,1
1804,8213553,16,-18,-6,1,25,31,13,55,7,3,-15,-25,-1,2071,24,1197,38,258,2,307,1203,1362,-806,700,2,14,0,20,-218,-397,147,-28,1917,862,772,792,639,1052,1156,2352,-4127465,165,15,-3,-4,-4,6,0,5,-1,80,1
1805,8213336,18,-15,-6,1,24,31,17,58,6,3,-15,-25,-1,2071,24,1198,38,258,2,308,1203,1360,-809,701,2,2,5,39,-203,-352,160,-55,1951,853,776,788,652,1045,1196,2351,-4127466,165,15,-3,-4,-4,6,0,5,-1,80,1
1806,8213119,13,-15,-6,1,24,31,12,54,4,3,-15,-25,-1,2071,24,1199,38,258,2,309,1203,1363,-809,703,1,11,-5,-27,-247,-188,175,-13,1900,847,774,794,645,1042,1236,2351,-4127465,165,15,-3,-4,-4,6,0,5,-1,80,1
1807,8212903,11,-16,-7,1,24,31,11,48,2,3,-15,-25,-1,2071,24,1199,38,258,2,310,1204,1510,-807,703,1,5,-10,-13,-331,-315,196,-31,1931,840,780,791,644,1047,1230,2391,-4127466,165,15,-3,-4,-4,6,0,5,-1,80,1
1808,8212687,15,-13,-8,1,24,31,13,49,2,3,-15,-25,-1,2071,24,1199,38,258,2,310,1204,1506,-809,703,-1,1,-6,-8,-178,-258,167,-55,1948,865,781,788,644,1040,1270,2392,-4127475,165,15,-3,-4,-4,6,0,5,-1,80,1
1809,8212470,19,-15,-8,1,24,31,21,45,3,3,-15,-25,-1,2071,24,1200,38,258,2,311,1204,1506,-809,704,10,9,20,69,-115,-210,170,-35,1932,866,787,781,656,1037,1233,3352,-8271697,165,15,-3,-4,-4,6,0,5,-1,80,1
1810,8214222,19,-13,-9,1,24,31,23,42,1,3,-15,-25,-1,2071,24,1200,38,258,2,311,1204,1506,-810,706,11,25,28,192,-133,-293,172,-51,1937,873,784,771,652,1034,1273,3351,-8271696,165,15,-3,-4,-4,6,0,5,-1,80,1
1811,8215974,18,-12,-8,1,24,31,24,42,5,3,-15,-25,-1,2072,24,1200,38,258,1,312,1204,1506,-810,703,3,6,-6,-149,-203,-326,153,-33,1943,872,789,768,649,1037,1313,3352,-8271693,165,15,-3,-4,-4,6,0,5,-1,80,1
1812,8217725,14,-10,-7,1,24,31,20,50,6,3,-15,-25,-1,2072,24,1200,38,258,1,312,1203,1508,-809,703,11,13,14,29,-242,-270,193,-14,1938,866,769,761,654,1032,1323,3392,-8271693,165,15,-3,-4,-4,6,0,5,-1,80,1
1813,8219476,13,-12,-9,1,24,31,16,44,2,3,-15,-25,-1,2072,24,1200,38,258,1,312,1202,1506,-808,704,8,8,8,-51,-144,-377,117,-22,1948,848,794,768,651,1052,1329,3432,-8271692,165,15,-3,-4,-4,6,0,5,-1,80,1
1814,8221226,18,-10,-10,1,24,31,22,49,2,3,-15,-25,-1,2072,24,1200,38,258,1,312,1202,1503,-810,704,17,13,12,53,-161,-326,151,-51,1974,864,781,752,652,1056,1369,3432,-8271695,165,15,-3,-4,-4,6,0,5,-1,80,1
1815,8222976,17,-9,-11,1,24,31,24,51,0,3,-15,-25,-1,2072,24,1200,38,258,1,312,1202,1505,-810,707,12,14,8,21,-233,-263,151,-35,1952,849,791,760,661,1060,1409,3433,-8271697,165,15,-3,-4,-4,6,0,5,-1,80,1
1816,8224725,16,-9,-13,1,24,31,26,52,-3,3,-15,-25,-1,2072,24,1200,38,258,1,312,1202,1506,-810,707,8,4,-11,-211,-117,-379,163,-47,1955,856,782,768,664,1070,1449,3433,-8271690,165,15,-3,-4,-4,6,0,5,-1,80,1
1817,8226475,13,-8,-13,1,24,30,28,54,-1,3,-15,-25,-1,2072,24,1200,37,258,1,312,1201,1507,-810,706,9,8,-1,-82,-43,-188,76,-55,1938,878,789,772,662,1068,1458,3396,-8270698,165,15,-3,-4,-4,6,0,5,-1,80,1
1818,8230193,11,-10,-12,1,24,29,22,52,1,3,-15,-25,-1,2072,24,1200,37,258,1,312,1200,1505,-809,707,7,13,3,-106,92,-91,141,-52,1975,850,776,766,659,1083,1454,3436,-8270697,165,15,-3,-4,-4,6,0,5,-1,80,1
1819,8233910,13,-11,-12,1,25,29,19,49,-1,3,-15,-25,-1,2072,24,1201,37,258,1,312,1200,1503,-808,709,12,6,-9,-121,-104,-109,110,-45,1941,877,778,769,658,1079,1494,3436,-8270698,165,15,-3,-4,-4,6,0,5,-1,80,1
1820,8237628,10,-12,-13,1,25,29,16,50,-3,3,-15,-25,-1,2072,24,1202,37,258,1,313,1200,1505,-808,711,3,7,-11,-247,59,-17,146,-40,1944,859,773,775,648,1086,1534,3435,-8270697,165,15,-3,-4,-4,6,0,5,-1,80,1
1821,8241346,7,-16,-13,1,25,29,13,42,-2,3,-15,-25,-9,2072,24,1202,37,258,1,314,1199,1503,-806,714,6,6,-7,-188,-17,-93,150,-53,1974,838,792,772,645,1078,1544,3475,-8270697,165,15,-3,-4,-4,6,0,5,-1,80,1
1822,8245064,11,-18,-12,1,25,28,22,37,0,3,-15,-25,-9,2072,24,1203,37,258,1,315,1196,1502,-769,711,6,6,-5,-222,26,-77,182,-208,1922,836,800,810,650,1086,1537,3482,-8270657,165,15,-3,-4,-4,6,0,5,-1,80,1
1823,8248781,12,-18,-12,1,24,27,23,36,1,3,-15,-25,-9,2072,24,1204,37,258,1,316,1196,1502,-768,711,11,19,12,20,23,-129,165,-125,1947,842,792,808,645,1090,1577,3482,-8270657,165,15,-3,-4,-4,6,0,5,-1,80,1
1824,8252499,9,-18,-12,1,24,26,19,43,1,3,-15,-25,-9,2072,24,1205,37,258,1,317,1196,1504,-767,713,10,18,-6,-55,-108,-134,211,-162,1926,815,792,805,649,1098,1617,3481,-8270660,165,15,-3,-4,-4,6,0,5,-1,80,1
1825,8256217,11,-14,-12,1,24,25,20,58,3,3,-15,-25,-9,2072,24,1206,37,258,1,318,1196,1504,-768,711,3,13,-21,-281,7,-97,212,-157,1963,802,784,815,640,1113,1580,4505,-12446375,165,15,-3,-4,-4,6,0,5,-1,80,1
1826,8261903,10,-12,-12,1,24,25,28,68,4,3,-15,-25,-10,2072,25,1207,37,257,1,319,1196,1504,-769,710,-3,10,-4,-319,78,-106,218,-192,1979,805,784,801,644,1121,1620,4505,-12446380,165,15,-3,-4,-4,6,0,5,-1,80,1
1827,8267589,11,-14,-12,1,24,25,33,66,3,3,-15,-25,-10,2072,25,1207,37,257,1,319,1195,1505,-769,710,1,23,-10,-280,167,-30,243,-165,1980,797,779,820,629,1133,1624,4545,-12446379,165,15,-3,-4,-4,6,0,5,-1,80,1
1828,8273274,11,-13,-12,1,23,24,34,63,2,3,-15,-25,-15,2077,25,1207,37,257,1,319,1195,1504,-771,711,-6,12,-34,-365,-54,-150,233,-188,1987,807,789,797,645,1137,1664,4548,-12446381,165,15,-3,-4,-4,6,0,5,-1,80,1
1829,8278956,10,-11,-11,1,23,23,27,65,2,3,-15,-25,-15,2077,25,1208,37,257,1,319,1195,1505,-772,710,-1,6,-36,-597,15,-59,263,-159,1972,780,784,800,633,1145,1704,4548,-12446388,165,15,-3,-4,-4,6,0,5,-1,80,1
1830,8284640,6,-5,-10,1,23,23,23,74,2,3,-15,-25,-15,2077,25,1209,37,257,1,320,1195,1510,-776,710,2,18,-9,-269,107,-30,319,-164,1981,722,799,802,642,1137,1744,4547,-12446390,165,15,-3,-4,-4,6,0,5,-1,80,1
1831,8290323,4,-6,-12,1,23,22,26,71,0,3,-15,-25,-15,2078,25,1210,37,257,1,321,1194,1513,-774,709,3,17,-19,-420,278,-23,327,-165,1971,741,820,810,641,1137,1729,4587,-12446390,165,15,-3,-4,-4,6,0,5,-1,80,1
1832,8296006,7,-9,-13,0,23,21,40,59,-1,3,-15,-25,-15,2078,25,1211,37,257,1,322,1194,1511,-773,711,-3,4,-41,-670,235,35,268,-186,1993,802,796,797,643,1122,1769,4587,-12446389,165,15,-3,-4,-4,6,0,5,-1,80,1
1833,8301690,11,-11,-12,0,23,20,44,52,1,3,-15,-25,-15,2078,25,1212,37,257,1,323,1194,1508,-772,710,-5,9,-30,-451,321,32,264,-168,1986,806,822,803,646,1129,1732,5643,-16637852,165,15,-3,-4,-4,6,0,5,-1,80,1
1834,8309342,14,-9,-11,0,23,20,48,59,2,3,-15,-25,-15,2078,25,1213,37,257,1,323,1194,1506,-773,709,1,15,-7,-284,278,62,267,-204,2027,798,818,804,653,1137,1772,5644,-16637855,165,15,-3,-4,-4,6,0,5,-1,80,1
1835,8317002,52,-37,-19,0,22,21,44,62,10,43,-16,-23,-12,2078,25,1213,46,1025,1,323,1194,1506,-741,717,30,20,-16,-286,298,49,266,-185,2001,794,857,777,612,1116,1791,5624,-16637820,165,15,-3,-4,-4,6,0,5,-1,80,1
1836,8324662,57,-37,-19,0,22,21,50,65,9,43,-16,-23,-12,2078,25,1214,46,1025,2,324,1194,1502,-740,719,15,26,7,-233,309,101,247,-223,2038,834,844,786,632,1116,1831,5624,-16637821,165,15,-3,-4,-4,6,0,5,-1,80,1
1837,8332323,58,-37,-20,0,22,21,48,67,9,43,-16,-23,-12,2078,25,1215,46,1025,2,325,1194,1502,-742,719,23,18,-4,-229,295,64,276,-205,2023,807,852,785,629,1128,1871,5623,-16637818,165,15,-3,-4,-4,6,0,5,-1,80,1
1838,8339984,55,-38,-20,0,22,20,40,68,9,43,-16,-23,-12,2078,25,1216,45,1025,2,327,1192,1498,-648,720,20,22,3,-229,290,82,244,-251,2046,839,837,777,642,1128,1874,5631,-16637778,165,15,-3,-4,-4,6,0,5,-1,80,1
1839,8347644,61,-37,-20,0,22,20,55,67,6,43,-16,-23,-12,2078,25,1217,45,1025,2,328,1191,1500,-651,719,22,17,3,-229,308,45,288,-237,2002,857,866,788,635,1136,1878,5671,-16637778,165,15,-3,-4,-4,6,0,5,-1,80,1
1840,8355272,28,-51,-10,1,20,19,90,74,10,50,-7,17,-9,2078,25,1217,45,1025,2,328,1185,1511,-649,719,21,19,35,-213,331,79,266,-242,2021,846,851,772,644,1027,1916,5649,-16637732,165,15,-3,-4,-4,6,0,5,-1,80,1
1841,8362899,26,-53,-10,1,20,18,90,65,9,50,-7,17,-9,2078,25,1218,45,1025,2,330,1184,1509,-648,719,21,11,24,-232,326,-46,342,-231,2032,839,860,790,652,1022,1924,5689,-16637732,16,17,0,-2,-2,6,0,5,-1,80,1
1842,8370527,29,-53,-12,1,20,17,95,63,8,50,-7,17,-9,2078,25,1219,45,1025,2,331,1184,1505,-648,721,16,5,23,-339,401,17,276,-262,2045,894,858,790,653,1026,1887,6777,-12430523,16,17,0,-2,-2,6,0,5,-1,80,1
1843,8380123,23,-48,-13,1,20,16,82,77,6,50,-7,17,-9,2078,25,1221,45,1025,2,332,1184,1508,-651,723,26,6,45,-179,479,-33,387,-252,2036,807,844,790,646,1039,1927,6777,-12430520,16,17,0,-2,-2,6,0,5,-1,80,1
1844,8389720,23,-46,-13,1,21,15,82,81,5,50,-7,17,-10,2078,30,1223,45,1025,2,333,1185,1537,-652,722,21,9,41,-255,527,-30,320,-253,2033,865,857,790,644,1037,1945,6817,-12430521,16,17,0,-2,-2,6,0,5,-1,80,1
1845,8399317,17,-45,-15,1,21,14,71,78,-1,50,-7,17,-10,2078,30,1225,45,1025,2,335,1185,1539,-653,724,22,-9,9,-278,443,-57,386,-233,2004,833,858,794,658,1041,1985,6817,-12430522,16,17,0,-2,-2,6,0,5,-1,80,1
1846,8408915,21,-46,-16,1,22,14,88,72,-5,50,-7,17,-15,2084,30,1227,45,1025,2,337,1184,1540,-655,724,22,-8,29,-251,243,40,326,-279,1996,874,911,808,665,1051,1981,6857,-12430523,16,17,0,-2,-2,6,0,5,-1,80,1
1847,8418513,25,-43,-17,1,22,13,86,81,-3,50,-7,17,-15,2084,30,1229,45,1025,2,339,1184,1534,-656,725,22,5,51,99,433,51,346,-299,2042,879,891,801,664,1056,2021,6857,-12430523,16,17,0,-2,-2,6,0,5,-1,80,1
1848,8428112,21,-39,-16,2,22,13,62,92,1,50,-7,17,-15,2084,30,1230,45,1025,2,339,1184,1537,-657,723,25,-11,8,-140,262,-9,413,-245,1994,790,908,796,669,1066,2061,6856,-12430529,16,17,0,-2,-2,6,0,5,-1,80,1
1849,8437711,27,-44,-15,2,23,13,84,86,0,50,-7,17,-15,2084,30,1230,45,1025,2,339,1185,1755,-659,726,25,-14,30,-24,330,-7,465,-333,2018,834,966,801,666,1063,2049,6896,-12430528,16,17,0,-2,-2,6,0,5,-1,80,1
1850,8447309,25,-46,-16,3,23,13,72,83,-1,50,-7,17,-15,2084,30,1231,45,1025,2,339,1184,1756,-659,728,24,-12,24,-64,258,67,422,-289,2021,789,952,801,663,1068,2063,6859,-12429408,16,17,0,-2,-2,6,0,5,-1,80,1
1851,8458873,26,-44,-16,3,23,12,72,93,0,50,-7,17,-15,2085,30,1232,45,1025,2,340,1179,1758,-660,727,23,-14,37,-46,300,104,396,-323,2038,787,990,782,658,1073,2058,6869,-12429368,16,17,0,-2,-2,6,0,5,-1,80,1
1852,8470436,25,-43,-15,3,23,11,72,93,0,50,-7,17,-15,2085,30,1233,45,1025,2,341,1179,1761,-661,727,20,-4,33,22,210,114,445,-299,2030,757,966,787,660,1083,2098,6869,-12429365,16,17,0,-2,-2,6,0,5,-1,80,1
1853,8482010,34,-30,-17,3,23,13,74,94,0,48,-6,20,-15,2085,30,1233,45,1025,2,341,1179,1761,-629,735,53,7,35,-14,253,110,413,-325,2013,566,929,803,652,1056,2127,6891,-12429368,16,17,0,-2,-2,6,0,5,-1,80,1
1854,8493583,36,-27,-16,3,24,13,78,92,2,48,-6,20,-15,2085,30,1234,45,1025,2,342,1178,1760,-631,733,34,4,46,14,409,102,532,-321,2009,690,956,801,660,1051,2137,6931,-12429367,16,17,0,-2,-2,6,0,5,-1,80,1
1855,8505154,34,-25,-15,4,24,13,73,94,2,48,-6,20,-15,2085,30,1235,45,1025,2,343,1178,1760,-632,733,37,-11,6,-72,292,61,485,-324,2018,621,942,802,659,1051,2177,6933,-12429365,16,17,0,-2,-2,6,0,5,-1,80,1
1856,8516724,30,-24,-14,4,24,13,64,92,-1,48,-6,20,-15,2085,30,1236,45,1025,2,343,1178,1761,-633,733,33,-2,36,-7,433,138,534,-294,1991,632,955,801,670,1056,2217,6933,-12429368,16,17,0,-2,-2,6,0,5,-1,80,1
1857,8528295,33,-29,-14,4,24,13,73,78,-2,48,-6,20,-15,2085,30,1237,45,1025,2,343,1178,1760,-630,730,36,2,33,203,344,63,453,-287,1992,680,940,801,664,1059,2257,6932,-12429371,16,17,0,-2,-2,6,0,5,-1,80,1
1858,8539866,33,-30,-13,4,24,13,73,84,-1,48,-6,20,-15,2085,30,1238,45,1025,2,344,1177,1757,-628,731,35,-2,35,98,347,117,445,-272,1994,664,927,804,662,1051,2265,6972,-12429371,16,17,0,-2,-2,6,0,5,-1,80,1
2304,8477403,5,2,0,6,19,-6,-4,-4,-1,0,0,0,-52,26,17,1391,-2,1,2,393,1194,2005,-646,705,-6,-1,3,-7,-3,-15,45,-85,2379,935,840,933,894,1313,1158,1313,1255,16,17,0,-2,-2,6,0,5,-1,80,1
2305,8479372,5,0,1,6,19,-6,-4,-8,0,0,0,0,-52,26,17,1392,-2,1,2,394,1192,2006,-616,705,-4,-2,5,2,29,138,57,-28,2364,950,835,943,891,1322,1152,1324,1295,16,17,0,-2,-2,6,0,5,-1,80,1
2306,8481339,0,0,0,6,19,-6,-16,-5,-3,0,0,0,-52,26,17,1393,-2,1,2,395,1191,2007,-612,705,-3,-3,-6,-40,-201,-1,80,-6,2385,919,805,938,885,1322,1150,1364,1296,16,17,0,-2,-2,6,0,5,-1,80,1
2307,8483306,-3,1,0,6,19,-6,-19,-1,-3,0,0,0,-52,26,17,1394,-2,1,2,396,1191,2007,-611,704,-7,0,12,147,98,122,64,-22,2391,939,826,949,891,1328,1190,1364,1294,16,17,0,-2,-2,6,0,5,-1,80,1
2308,8485274,1,1,0,6,19,-6,-11,1,-3,0,0,0,-52,26,17,1395,-2,1,2,397,1191,2004,-610,704,0,8,32,321,59,105,58,-28,2408,949,812,945,888,1336,1230,1363,1293,16,17,0,-2,-2,6,0,5,-1,80,1
2309,8487242,-1,1,0,6,19,-6,-14,4,-4,0,0,0,-52,26,17,1395,-2,1,2,398,1191,2005,-609,705,-6,-2,-21,135,-91,35,75,-13,2390,938,822,957,883,1345,1270,1363,1293,16,17,0,-2,-2,6,0,5,-1,80,1
2310,8489211,-4,0,1,6,19,-6,-16,4,-2,0,0,0,-52,26,17,1396,-2,1,2,399,1189,2003,-533,707,-3,1,5,234,12,-8,127,40,2407,968,807,940,893,1343,1276,1360,1333,16,17,0,-2,-2,6,0,5,-1,80,1
